excel_row,column,before,after,species_on_that_row
3,subfamily (A),,Apostasioideae,borneensis
4,genus (E),,Neuwiedia,veratrifolia
4,subfamily (A),,Apostasioideae,veratrifolia
5,genus (E),,Neuwiedia,zollingeri
5,subfamily (A),,Apostasioideae,zollingeri
7,subfamily (A),,Cypripedioideae,arietinum
8,subfamily (A),,Cypripedioideae,bardolphianum
9,subfamily (A),,Cypripedioideae,calceolus
10,subfamily (A),,Cypripedioideae,californicum
11,subfamily (A),,Cypripedioideae,candidum
12,subfamily (A),,Cypripedioideae,dickinsonianum
13,subfamily (A),,Cypripedioideae,fasciculatum
14,subfamily (A),,Cypripedioideae,fargesii
15,subfamily (A),,Cypripedioideae,flavum
16,subfamily (A),,Cypripedioideae,guttatum
17,subfamily (A),,Cypripedioideae,henryi
18,subfamily (A),,Cypripedioideae,japonicum
19,subfamily (A),,Cypripedioideae,kentuckiense
20,subfamily (A),,Cypripedioideae,leutiginosum
21,subfamily (A),,Cypripedioideae,lichoangense
22,subfamily (A),,Cypripedioideae,macranthos
23,subfamily (A),,Cypripedioideae,micranthum
24,subfamily (A),,Cypripedioideae,montanum
25,subfamily (A),,Cypripedioideae,parviflorum
26,subfamily (A),,Cypripedioideae,parviflorum
27,subfamily (A),,Cypripedioideae,passerinum
28,subfamily (A),,Cypripedioideae,passerinum
29,subfamily (A),,Cypripedioideae,passerinum
30,subfamily (A),,Cypripedioideae,plectrochilum
33,subfamily (A),,Cypripedioideae,reginae
34,subfamily (A),,Cypripedioideae,sichuanense
35,subfamily (A),,Cypripedioideae,smithii
36,subfamily (A),,Cypripedioideae,subtropicum
37,subfamily (A),,Cypripedioideae,tibeticum
38,subfamily (A),,Cypripedioideae,yunnanense
40,subfamily (A),,Cypripedioideae,barbigerum
41,subfamily (A),,Cypripedioideae,bellatulum
42,subfamily (A),,Cypripedioideae,callosum
43,subfamily (A),,Cypripedioideae,charlesworthii
44,subfamily (A),,Cypripedioideae,dianthum
45,subfamily (A),,Cypripedioideae,hirsutissimum
46,subfamily (A),,Cypripedioideae,insigne
47,subfamily (A),,Cypripedioideae,lowii
48,subfamily (A),,Cypripedioideae,mastersianum
49,subfamily (A),,Cypripedioideae,micranthum
52,subfamily (A),,Cypripedioideae,parishii
53,subfamily (A),,Cypripedioideae,purpuratum
54,subfamily (A),,Cypripedioideae,rothschildianum
55,subfamily (A),,Cypripedioideae,sanderianum
56,subfamily (A),,Cypripedioideae,spicerianum
57,subfamily (A),,Cypripedioideae,villosum
59,subfamily (A),,Cypripedioideae,boissierianum
62,subfamily (A),,Cypripedioideae,caudatum
63,subfamily (A),,Cypripedioideae,humboldtii
64,subfamily (A),,Cypripedioideae,lindenii
65,subfamily (A),,Cypripedioideae,lindenii
66,subfamily (A),,Cypripedioideae,lindenii
67,subfamily (A),,Cypripedioideae,longifolium
68,subfamily (A),,Cypripedioideae,longifolium
69,subfamily (A),,Cypripedioideae,pearcei
70,subfamily (A),,Cypripedioideae,reticulatum
71,subfamily (A),,Cypripedioideae,vittatum
74,subfamily (A),,Epidendroideae,graminifolia
76,subfamily (A),,Epidendroideae,barbatus
77,subfamily (A),,Epidendroideae,pallidus
78,subfamily (A),,Epidendroideae,tuberosus
79,subfamily (A),,Epidendroideae,striata
80,subfamily (A),,Epidendroideae,striata
81,subfamily (A),,Epidendroideae,striata
82,subfamily (A),,Epidendroideae,sulphurea
83,subfamily (A),,Epidendroideae,barbata
84,subfamily (A),,Epidendroideae,corymbosa
85,subfamily (A),,Epidendroideae,fimbriata
86,subfamily (A),,Epidendroideae,flaccida
87,subfamily (A),,Epidendroideae,fragrans
88,subfamily (A),,Epidendroideae,imbricata
89,subfamily (A),,Epidendroideae,lawrenceana
90,subfamily (A),,Epidendroideae,mayeriana
91,subfamily (A),,Epidendroideae,nitida
92,subfamily (A),,Epidendroideae,ovalis
93,subfamily (A),,Epidendroideae,prolifera
94,subfamily (A),,Epidendroideae,prolifera
95,subfamily (A),,Epidendroideae,pulverula
96,subfamily (A),,Epidendroideae,rigida
97,subfamily (A),,Epidendroideae,rigida
98,subfamily (A),,Epidendroideae,rochussenii
99,subfamily (A),,Epidendroideae,schultesii
100,subfamily (A),,Epidendroideae,viscosa
101,subfamily (A),,Epidendroideae,haslamii
102,subfamily (A),,Epidendroideae,longibracteanum
103,subfamily (A),,Epidendroideae,longifolium
104,subfamily (A),,Epidendroideae,pterogyne
105,subfamily (A),,Epidendroideae,wallichii
106,subfamily (A),,Epidendroideae,kinabaluensis
107,subfamily (A),,Epidendroideae,albus
108,subfamily (A),,Epidendroideae,articulata
109,subfamily (A),,Epidendroideae,imbricata
110,subfamily (A),,Epidendroideae,pallida
111,subfamily (A),,Epidendroideae,protracta
112,subfamily (A),,Epidendroideae,alba
113,subfamily (A),,Epidendroideae,fimbriata
115,subfamily (A),,Epidendroideae,alismaefolia
116,subfamily (A),,Epidendroideae,amamiana
117,subfamily (A),,Epidendroideae,argento-striata
118,subfamily (A),,Epidendroideae,argento-striata
119,subfamily (A),,Epidendroideae,aristulifera
120,subfamily (A),,Epidendroideae,aureifolia
121,subfamily (A),,Epidendroideae,candida
122,subfamily (A),,Epidendroideae,discolor
123,subfamily (A),,Epidendroideae,izuinsularis
124,subfamily (A),,Epidendroideae,lyroglossa
125,subfamily (A),,Epidendroideae,mannii
126,subfamily (A),,Epidendroideae,papuana
127,subfamily (A),,Epidendroideae,reflexa
128,subfamily (A),,Epidendroideae,sieboldii
129,subfamily (A),,Epidendroideae,striata
130,subfamily (A),,Epidendroideae,sylvatica
131,subfamily (A),,Epidendroideae,tricarinata
132,subfamily (A),,Epidendroideae,triplicata
133,subfamily (A),,Epidendroideae,veratrifolia
134,subfamily (A),,Epidendroideae,vestita
135,subfamily (A),,Epidendroideae,yaoshanensis
138,subfamily (A),,Epidendroideae,australis
139,subfamily (A),,Epidendroideae,delavayi
140,subfamily (A),,Epidendroideae,grandiflorus
141,subfamily (A),,Epidendroideae,longibracteaus
142,subfamily (A),,Epidendroideae,pictus
143,subfamily (A),,Epidendroideae,pulchelus
144,subfamily (A),,Epidendroideae,tancarvilliae
145,subfamily (A),,Epidendroideae,tetragonus
146,subfamily (A),,Epidendroideae,wallichii
148,subfamily (A),,Epidendroideae,praecox
150,subfamily (A),,Epidendroideae,gigantea
151,subfamily (A),,Epidendroideae,glaucescens
152,subfamily (A),,Epidendroideae,porphyrophylla
154,subfamily (A),,Epidendroideae,paulinae
155,subfamily (A),,Epidendroideae,plicata
158,subfamily (A),,Epidendroideae,crassicaule
159,subfamily (A),,Epidendroideae,denbergii
160,subfamily (A),,Epidendroideae,dischorense
161,subfamily (A),,Epidendroideae,graminifolium
162,subfamily (A),,Epidendroideae,montanum
163,subfamily (A),,Epidendroideae,pelorioides
164,subfamily (A),,Epidendroideae,stenophyllum
165,subfamily (A),,Epidendroideae,superpositum
166,subfamily (A),,Epidendroideae,verruciferum
168,subfamily (A),,Epidendroideae,autumnalis
169,subfamily (A),,Epidendroideae,mucronata
171,subfamily (A),,Epidendroideae,catenulata
172,subfamily (A),,Epidendroideae,corallicola
173,subfamily (A),,Epidendroideae,macristhmochila
174,subfamily (A),,Epidendroideae,nitida
175,subfamily (A),,Epidendroideae,patula
176,subfamily (A),,Epidendroideae,purpurea
177,subfamily (A),,Epidendroideae,pupurata
178,subfamily (A),,Epidendroideae,revoluta
179,subfamily (A),,Epidendroideae,spicata
180,subfamily (A),,Epidendroideae,urbana
182,subfamily (A),,Epidendroideae,laevis
185,subfamily (A),,Epidendroideae,bulbosa var. occidentalis
186,subfamily (A),,Epidendroideae,bullbosa var. americana
189,subfamily (A),,Epidendroideae,macrantha
190,subfamily (A),,Epidendroideae,maculata
191,subfamily (A),,Epidendroideae,odontorhiza
192,subfamily (A),,Epidendroideae,striata
193,subfamily (A),,Epidendroideae,trifida
195,subfamily (A),,Epidendroideae,saprophytica
196,subfamily (A),,Epidendroideae,yangii
198,subfamily (A),,Epidendroideae,capitata
199,subfamily (A),,Epidendroideae,fasciata
200,subfamily (A),,Epidendroideae,gardneri
201,subfamily (A),,Epidendroideae,lagenophora
202,subfamily (A),,Epidendroideae,liliacea
203,subfamily (A),,Epidendroideae,mutica
204,subfamily (A),,Epidendroideae,polychroma
205,subfamily (A),,Epidendroideae,praecox
206,subfamily (A),,Epidendroideae,superba
207,subfamily (A),,Epidendroideae,tingens
208,subfamily (A),,Epidendroideae,utriculata
210,subfamily (A),,Epidendroideae,patens
215,subfamily (A),,Epidendroideae,lindleyana
216,subfamily (A),,Epidendroideae,obovata
217,subfamily (A),,Epidendroideae,scandens
218,subfamily (A),,Epidendroideae,skinneri
220,subfamily (A),,Epidendroideae,cucullata
221,subfamily (A),,Epidendroideae,flagellaris
222,subfamily (A),,Epidendroideae,nodosa
224,subfamily (A),,Epidendroideae,lindenii
225,subfamily (A),,Epidendroideae,sanguinea
227,subfamily (A),,Epidendroideae,bicolor
228,subfamily (A),,Epidendroideae,caulescens
229,subfamily (A),,Epidendroideae,cernua
230,subfamily (A),,Epidendroideae,cinnabarina
231,subfamily (A),,Epidendroideae,coccinea
232,subfamily (A),,Epidendroideae,crispa
233,subfamily (A),,Epidendroideae,dormaniana
234,subfamily (A),,Epidendroideae,eldorado
235,subfamily (A),,Epidendroideae,elongata
236,subfamily (A),,Epidendroideae,flava
237,subfamily (A),,Epidendroideae,forbesii
238,subfamily (A),,Epidendroideae,gaskelliana
239,subfamily (A),,Epidendroideae,grandis
240,subfamily (A),,Epidendroideae,guttata
241,subfamily (A),,Epidendroideae,harrisoniana
242,subfamily (A),,Epidendroideae,hoehnei
243,subfamily (A),,Epidendroideae,intermedia
244,subfamily (A),,Epidendroideae,labiata
245,subfamily (A),,Epidendroideae,loddigesii
246,subfamily (A),,Epidendroideae,longipes
247,subfamily (A),,Epidendroideae,lundii
248,subfamily (A),,Epidendroideae,luteola
249,subfamily (A),,Epidendroideae,maxima
250,subfamily (A),,Epidendroideae,mendellii
251,subfamily (A),,Epidendroideae,milleri
252,subfamily (A),,Epidendroideae,mossiae
253,subfamily (A),,Epidendroideae,perrinii
254,subfamily (A),,Epidendroideae,pfisteri
255,subfamily (A),,Epidendroideae,porphyroglossa
256,subfamily (A),,Epidendroideae,pumila
257,subfamily (A),,Epidendroideae,purpurata
258,subfamily (A),,Epidendroideae,quadricolor
259,subfamily (A),,Epidendroideae,schofieldiana
260,subfamily (A),,Epidendroideae,sincorana
261,subfamily (A),,Epidendroideae,tenebrosa
262,subfamily (A),,Epidendroideae,tenuis
263,subfamily (A),,Epidendroideae,tigrina
264,subfamily (A),,Epidendroideae,violacea
265,subfamily (A),,Epidendroideae,wallisii
266,subfamily (A),,Epidendroideae,warneri
267,subfamily (A),,Epidendroideae,warscewiczii
268,subfamily (A),,Epidendroideae,xanthina
270,subfamily (A),,Epidendroideae,bilamellatum
274,subfamily (A),,Epidendroideae,haematochila
275,subfamily (A),,Epidendroideae,purpurea
277,subfamily (A),,Epidendroideae,bradfordii
278,subfamily (A),,Epidendroideae,cordigera
279,subfamily (A),,Epidendroideae,gravida
280,subfamily (A),,Epidendroideae,isochila
281,subfamily (A),,Epidendroideae,nematocaulon
282,subfamily (A),,Epidendroideae,phoenicea
283,subfamily (A),,Epidendroideae,tampense
284,subfamily (A),,Epidendroideae,mapuerae
285,subfamily (A),,Epidendroideae,oncidioides
287,subfamily (A),,Epidendroideae,ackermanii
288,subfamily (A),,Epidendroideae,acuminatum
289,subfamily (A),,Epidendroideae,alfaroi
290,subfamily (A),,Epidendroideae,amphistomum
291,subfamily (A),,Epidendroideae,anceps
292,subfamily (A),,Epidendroideae,angustilobum
293,subfamily (A),,Epidendroideae,armeniacum
294,subfamily (A),,Epidendroideae,avicula
296,subfamily (A),,Epidendroideae,blepharistes
297,subfamily (A),,Epidendroideae,calanthum
298,subfamily (A),,Epidendroideae,campestre
299,subfamily (A),,Epidendroideae,cardiochilum
300,subfamily (A),,Epidendroideae,carolii
301,subfamily (A),,Epidendroideae,centropetalum
302,subfamily (A),,Epidendroideae,chlorocorymbos
303,subfamily (A),,Epidendroideae,ciliare
304,subfamily (A),,Epidendroideae,cinnabarinum
305,subfamily (A),,Epidendroideae,cirrhochilum
306,subfamily (A),,Epidendroideae,cleistogastrium
307,subfamily (A),,Epidendroideae,cnemidophorum
308,subfamily (A),,Epidendroideae,cochlidium
309,subfamily (A),,Epidendroideae,cocoense
310,subfamily (A),,Epidendroideae,cristatum
311,subfamily (A),,Epidendroideae,densiflorum
312,subfamily (A),,Epidendroideae,denticulatum
313,subfamily (A),,Epidendroideae,difforme
314,subfamily (A),,Epidendroideae,diffusum
315,subfamily (A),,Epidendroideae,eustirum
316,subfamily (A),,Epidendroideae,exasperatum
317,subfamily (A),,Epidendroideae,falcatum
318,subfamily (A),,Epidendroideae,falcisepalum
319,subfamily (A),,Epidendroideae,fimbriatum
320,subfamily (A),,Epidendroideae,flammeum
321,subfamily (A),,Epidendroideae,flexuosum
322,subfamily (A),,Epidendroideae,floridense
323,subfamily (A),,Epidendroideae,fulgens
324,subfamily (A),,Epidendroideae,goniorhachis
325,subfamily (A),,Epidendroideae,horichii
326,subfamily (A),,Epidendroideae,hunterianum
327,subfamily (A),,Epidendroideae,ibaguense
328,subfamily (A),,Epidendroideae,insulanum
329,subfamily (A),,Epidendroideae,jimenezii
330,subfamily (A),,Epidendroideae,lacustre
331,subfamily (A),,Epidendroideae,laterale
332,subfamily (A),,Epidendroideae,latilabre
333,subfamily (A),,Epidendroideae,leucochilum
334,subfamily (A),,Epidendroideae,macrocarpum
335,subfamily (A),,Epidendroideae,madsenii
336,subfamily (A),,Epidendroideae,medusae
337,subfamily (A),,Epidendroideae,mesocarpum
338,subfamily (A),,Epidendroideae,miserrimum
339,subfamily (A),,Epidendroideae,neoporpax
340,subfamily (A),,Epidendroideae,nocturnum
341,subfamily (A),,Epidendroideae,odontochilum
342,subfamily (A),,Epidendroideae,orchidiflorum
343,subfamily (A),,Epidendroideae,pallens
344,subfamily (A),,Epidendroideae,paniculatum
345,subfamily (A),,Epidendroideae,parkinsonianum
346,subfamily (A),,Epidendroideae,peperomia
347,subfamily (A),,Epidendroideae,phragmites
348,subfamily (A),,Epidendroideae,piliferum
349,subfamily (A),,Epidendroideae,polyanthum
350,subfamily (A),,Epidendroideae,portoricensis
351,subfamily (A),,Epidendroideae,pseudoepidendrum
352,subfamily (A),,Epidendroideae,puniceoluteum
353,subfamily (A),,Epidendroideae,radicans
354,subfamily (A),,Epidendroideae,raniferum
355,subfamily (A),,Epidendroideae,rhopalostele
356,subfamily (A),,Epidendroideae,rigidum
357,subfamily (A),,Epidendroideae,robustum
358,subfamily (A),,Epidendroideae,schlechterianum
359,subfamily (A),,Epidendroideae,secundum
360,subfamily (A),,Epidendroideae,smaragdinum
361,subfamily (A),,Epidendroideae,steyermarkii
362,subfamily (A),,Epidendroideae,strobiliferum
363,subfamily (A),,Epidendroideae,thurstoniorum
364,subfamily (A),,Epidendroideae,triangulabium
365,subfamily (A),,Epidendroideae,tridactylum
366,subfamily (A),,Epidendroideae,tridens
367,subfamily (A),,Epidendroideae,vesicatum
368,subfamily (A),,Epidendroideae,xanthinum
370,subfamily (A),,Epidendroideae,hennisiana
371,subfamily (A),,Epidendroideae,skinneri
372,subfamily (A),,Epidendroideae,vomeriforme
373,subfamily (A),,Epidendroideae,globosa
374,subfamily (A),,Epidendroideae,teretifolia
375,subfamily (A),,Epidendroideae,anceps
376,subfamily (A),,Epidendroideae,autumnalis
377,subfamily (A),,Epidendroideae,gloriosa
378,subfamily (A),,Epidendroideae,lyonsii
379,subfamily (A),,Epidendroideae,marginata
380,subfamily (A),,Epidendroideae,moyobambae
381,subfamily (A),,Epidendroideae,rubescens
382,subfamily (A),,Epidendroideae,speciosa
383,subfamily (A),,Epidendroideae,splendida
384,subfamily (A),,Epidendroideae,superbiens
385,subfamily (A),,Epidendroideae,tibicinis
386,subfamily (A),,Epidendroideae,undulata
388,subfamily (A),,Epidendroideae,triansutum
391,subfamily (A),,Epidendroideae,humboldtii
392,subfamily (A),,Epidendroideae,thomsoniana
394,subfamily (A),,Epidendroideae,ottonis
396,subfamily (A),,Epidendroideae,boothiana
397,subfamily (A),,Epidendroideae,chacaoensis
398,subfamily (A),,Epidendroideae,cochleata
399,subfamily (A),,Epidendroideae,crassilabia
400,subfamily (A),,Epidendroideae,creatacea
401,subfamily (A),,Epidendroideae,fragrans
402,subfamily (A),,Epidendroideae,ochracea
403,subfamily (A),,Epidendroideae,pygmaea
404,subfamily (A),,Epidendroideae,spondiada
405,subfamily (A),,Epidendroideae,vespa
408,subfamily (A),,Epidendroideae,krugii
409,subfamily (A),,Epidendroideae,macconnelliae
410,subfamily (A),,Epidendroideae,monensis
412,subfamily (A),,Epidendroideae,glauca
414,subfamily (A),,Epidendroideae,imbricata
415,subfamily (A),,Epidendroideae,lindeniana
416,subfamily (A),,Epidendroideae,micrantha
417,subfamily (A),,Epidendroideae,modesta
418,subfamily (A),,Epidendroideae,punctulata
421,subfamily (A),,Epidendroideae,adamantinensis
422,subfamily (A),,Epidendroideae,aphthosa
423,subfamily (A),,Epidendroideae,angustifolia
424,subfamily (A),,Epidendroideae,aveniformes
425,subfamily (A),,Epidendroideae,cabiriae
426,subfamily (A),,Epidendroideae,crassilabia
427,subfamily (A),,Epidendroideae,fabiobarrosii
428,subfamily (A),,Epidendroideae,fecunda
429,subfamily (A),,Epidendroideae,hamosa
430,subfamily (A),,Epidendroideae,hygrophila
431,subfamily (A),,Epidendroideae,johannensis
432,subfamily (A),,Epidendroideae,limae
433,subfamily (A),,Epidendroideae,luteola
434,subfamily (A),,Epidendroideae,modestissima
435,subfamily (A),,Epidendroideae,ochreata
436,subfamily (A),,Epidendroideae,polystachya
437,subfamily (A),,Epidendroideae,prolifera
438,subfamily (A),,Epidendroideae,sonderana
439,subfamily (A),,Epidendroideae,teres
441,subfamily (A),,Epidendroideae,microphyta
442,subfamily (A),,Epidendroideae,minutalis
443,subfamily (A),,Epidendroideae,obovata
444,subfamily (A),,Epidendroideae,sertularioides
445,subfamily (A),,Epidendroideae,welteri
448,subfamily (A),,Epidendroideae,aberrans
450,subfamily (A),,Epidendroideae,chimaera
451,subfamily (A),,Epidendroideae,chiroptera
452,subfamily (A),,Epidendroideae,erythrochaete
453,subfamily (A),,Epidendroideae,felix
454,subfamily (A),,Epidendroideae,houtteana
455,subfamily (A),,Epidendroideae,lafleurii
456,subfamily (A),,Epidendroideae,marsupialis
457,subfamily (A),,Epidendroideae,morleyi
459,subfamily (A),,Epidendroideae,sodiroi
460,subfamily (A),,Epidendroideae,radiosa
461,subfamily (A),,Epidendroideae,radiella
462,subfamily (A),,Epidendroideae,trigonopetala
463,subfamily (A),,Epidendroideae,vampira
464,subfamily (A),,Epidendroideae,veluntina
465,subfamily (A),,Epidendroideae,vinacea
466,subfamily (A),,Epidendroideae,wallisii
469,genus (E),,Echinosepala,sempergemmata
469,subfamily (A),,Epidendroideae,sempergemmata
472,genus (E),,Lepanthes,dodiana
472,subfamily (A),,Epidendroideae,dodiana
473,genus (E),,Lepanthes,glicensteinii
473,subfamily (A),,Epidendroideae,glicensteinii
474,genus (E),,Lepanthes,helleri
474,subfamily (A),,Epidendroideae,helleri
475,genus (E),,Lepanthes,jugum
475,subfamily (A),,Epidendroideae,jugum
476,genus (E),,Lepanthes,lindleyana
476,subfamily (A),,Epidendroideae,lindleyana
477,genus (E),,Lepanthes,minutissima
477,subfamily (A),,Epidendroideae,minutissima
478,genus (E),,Lepanthes,mittelstaedtii
478,subfamily (A),,Epidendroideae,mittelstaedtii
479,genus (E),,Lepanthes,pygmaea
479,subfamily (A),,Epidendroideae,pygmaea
480,subfamily (A),,Epidendroideae,rubripetala
481,genus (E),,Lepanthes,rupestris
481,subfamily (A),,Epidendroideae,rupestris
482,genus (E),,Lepanthes,sabinadaleyana
482,subfamily (A),,Epidendroideae,sabinadaleyana
483,genus (E),,Lepanthes,selenitepala ssp. ackermanii
483,subfamily (A),,Epidendroideae,selenitepala ssp. ackermanii
484,genus (E),,Lepanthes,stenorhyncha
484,subfamily (A),,Epidendroideae,stenorhyncha
485,genus (E),,Lepanthes,turialvae
485,subfamily (A),,Epidendroideae,turialvae
486,genus (E),,Lepanthes,woodburyana
486,subfamily (A),,Epidendroideae,woodburyana
487,genus (E),,Lepanthes,yubarta
487,subfamily (A),,Epidendroideae,yubarta
490,genus (E),,Masdevallia,asterotricha
490,subfamily (A),,Epidendroideae,asterotricha
491,genus (E),,Masdevallia,bicolor
491,subfamily (A),,Epidendroideae,bicolor
492,genus (E),,Masdevallia,borucana
492,subfamily (A),,Epidendroideae,borucana
493,genus (E),,Masdevallia,calura
493,subfamily (A),,Epidendroideae,calura
494,genus (E),,Masdevallia,chasei
494,subfamily (A),,Epidendroideae,chasei
495,genus (E),,Masdevallia,coccinea
495,subfamily (A),,Epidendroideae,coccinea
496,genus (E),,Masdevallia,coriacea
496,subfamily (A),,Epidendroideae,coriacea
497,genus (E),,Masdevallia,demissa
497,subfamily (A),,Epidendroideae,demissa
498,subfamily (A),,Epidendroideae,floribunda
499,genus (E),,Masdevallia,fonsecae
499,subfamily (A),,Epidendroideae,fonsecae
500,genus (E),,Masdevallia,fractiflexa
500,subfamily (A),,Epidendroideae,fractiflexa
501,genus (E),,Masdevallia,fulvescens
501,subfamily (A),,Epidendroideae,fulvescens
502,genus (E),,Masdevallia,ignea
502,subfamily (A),,Epidendroideae,ignea
503,genus (E),,Masdevallia,infracta
503,subfamily (A),,Epidendroideae,infracta
504,genus (E),,Masdevallia,hortensis
504,subfamily (A),,Epidendroideae,hortensis
505,genus (E),,Masdevallia,lata
505,subfamily (A),,Epidendroideae,lata
506,genus (E),,Masdevallia,luerorum
506,subfamily (A),,Epidendroideae,luerorum
507,genus (E),,Masdevallia,melanoxantha
507,subfamily (A),,Epidendroideae,melanoxantha
508,subfamily (A),,Epidendroideae,pachyura
509,genus (E),,Masdevallia,peristeria
509,subfamily (A),,Epidendroideae,peristeria
510,genus (E),,Masdevallia,phoenix
510,subfamily (A),,Epidendroideae,phoenix
511,genus (E),,Masdevallia,picturata
511,subfamily (A),,Epidendroideae,picturata
512,genus (E),,Masdevallia,regina
512,subfamily (A),,Epidendroideae,regina
513,genus (E),,Masdevallia,revoluta
513,subfamily (A),,Epidendroideae,revoluta
514,genus (E),,Masdevallia,rolfeana
514,subfamily (A),,Epidendroideae,rolfeana
515,genus (E),,Masdevallia,rosea
515,subfamily (A),,Epidendroideae,rosea
516,genus (E),,Masdevallia,smallmanniana
516,subfamily (A),,Epidendroideae,smallmanniana
517,genus (E),,Masdevallia,striatella
517,subfamily (A),,Epidendroideae,striatella
518,subfamily (A),,Epidendroideae,tuerckheimii
519,genus (E),,Masdevallia,utriculata
519,subfamily (A),,Epidendroideae,utriculata
520,genus (E),,Masdevallia,veitchiana
520,subfamily (A),,Epidendroideae,veitchiana
521,genus (E),,Masdevallia,zahlbruckneri
521,subfamily (A),,Epidendroideae,zahlbruckneri
523,genus (E),,Muscarella,quinqueseta
523,subfamily (A),,Epidendroideae,quinqueseta
525,genus (E),,Myoxanthus,serripetalus
525,subfamily (A),,Epidendroideae,serripetalus
527,genus (E),,Octomeria,campos-portoi
527,subfamily (A),,Epidendroideae,campos-portoi
528,genus (E),,Octomeria,costaricensis
528,subfamily (A),,Epidendroideae,costaricensis
529,genus (E),,Octomeria,crassifolia
529,subfamily (A),,Epidendroideae,crassifolia
530,genus (E),,Octomeria,diaphana
530,subfamily (A),,Epidendroideae,diaphana
531,genus (E),,Octomeria,grandiflora
531,subfamily (A),,Epidendroideae,grandiflora
532,genus (E),,Octomeria,praestans
532,subfamily (A),,Epidendroideae,praestans
533,genus (E),,Octomeria,wawrae
533,subfamily (A),,Epidendroideae,wawrae
535,genus (E),,Pabstiella,tripterantha
535,subfamily (A),,Epidendroideae,tripterantha
538,genus (E),,Platystele,sylvestrei
538,subfamily (A),,Epidendroideae,sylvestrei
540,genus (E),,Pleurothallis,cardiothallis
540,subfamily (A),,Epidendroideae,cardiothallis
541,genus (E),,Pleurothallis,chloroleuca
541,subfamily (A),,Epidendroideae,chloroleuca
542,genus (E),,Pleurothallis,colossus
542,subfamily (A),,Epidendroideae,colossus
543,genus (E),,Pleurothallis,cordata
543,subfamily (A),,Epidendroideae,cordata
544,genus (E),,Pleurothallis,dentipetala
544,subfamily (A),,Epidendroideae,dentipetala
545,genus (E),,Pleurothallis,divaricans
545,subfamily (A),,Epidendroideae,divaricans
546,genus (E),,Pleurothallis,dorotheae
546,subfamily (A),,Epidendroideae,dorotheae
547,genus (E),,Pleurothallis,dunstervillei
547,subfamily (A),,Epidendroideae,dunstervillei
548,subfamily (A),,Epidendroideae,eumecocaulon
549,genus (E),,Pleurothallis,helleri
549,subfamily (A),,Epidendroideae,helleri
550,genus (E),,Pleurothallis,homalantha
550,subfamily (A),,Epidendroideae,homalantha
551,genus (E),,Pleurothallis,marthae
551,subfamily (A),,Epidendroideae,marthae
552,genus (E),,Pleurothallis,microcardia
552,subfamily (A),,Epidendroideae,microcardia
553,genus (E),,Pleurothallis,millei
553,subfamily (A),,Epidendroideae,millei
554,genus (E),,Pleurothallis,navisepala
554,subfamily (A),,Epidendroideae,navisepala
555,genus (E),,Pleurothallis,penduliflora
555,subfamily (A),,Epidendroideae,penduliflora
556,genus (E),,Pleurothallis,phyllocardia
556,subfamily (A),,Epidendroideae,phyllocardia
557,genus (E),,Pleurothallis,phyllocardioides
557,subfamily (A),,Epidendroideae,phyllocardioides
558,subfamily (A),,Epidendroideae,phymatodea
559,genus (E),,Pleurothallis,quadricaudata
559,subfamily (A),,Epidendroideae,quadricaudata
560,genus (E),,Pleurothallis,quadrifida
560,subfamily (A),,Epidendroideae,quadrifida
561,genus (E),,Pleurothallis,rowleei
561,subfamily (A),,Epidendroideae,rowleei
562,genus (E),,Pleurothallis,ruscifolia
562,subfamily (A),,Epidendroideae,ruscifolia
563,genus (E),,Pleurothallis,secunda
563,subfamily (A),,Epidendroideae,secunda
564,genus (E),,Pleurothallis,silvae-pacis
564,subfamily (A),,Epidendroideae,silvae-pacis
565,genus (E),,Pleurothallis,tetragona
565,subfamily (A),,Epidendroideae,tetragona
566,genus (E),,Pleurothallis,tridentata
566,subfamily (A),,Epidendroideae,tridentata
567,genus (E),,Pleurothallis,xanthochlora
567,subfamily (A),,Epidendroideae,xanthochlora
570,genus (E),,Porroglossum,marniae
570,subfamily (A),,Epidendroideae,marniae
572,subfamily (A),,Epidendroideae,luerii
573,genus (E),,Restrepiella,ophiocephala
573,subfamily (A),,Epidendroideae,ophiocephala
575,genus (E),,Scaphosepalum,decorum
575,subfamily (A),,Epidendroideae,decorum
576,genus (E),,Scaphosepalum,digitale
576,subfamily (A),,Epidendroideae,digitale
577,genus (E),,Scaphosepalum,dodsonii
577,subfamily (A),,Epidendroideae,dodsonii
578,genus (E),,Scaphosepalum,ophidion
578,subfamily (A),,Epidendroideae,ophidion
580,genus (E),,Specklinia,calyptrostele
580,subfamily (A),,Epidendroideae,calyptrostele
581,genus (E),,Specklinia,corniculata
581,subfamily (A),,Epidendroideae,corniculata
582,genus (E),,Specklinia,dunstervillei
582,subfamily (A),,Epidendroideae,dunstervillei
583,genus (E),,Specklinia,endotrachys
583,subfamily (A),,Epidendroideae,endotrachys
584,genus (E),,Specklinia,fulgens
584,subfamily (A),,Epidendroideae,fulgens
585,genus (E),,Specklinia,grobyi
585,subfamily (A),,Epidendroideae,grobyi
586,genus (E),,Specklinia,juddii
586,subfamily (A),,Epidendroideae,juddii
587,genus (E),,Specklinia,lentiginosa
587,subfamily (A),,Epidendroideae,lentiginosa
588,subfamily (A),,Epidendroideae,pfavii
589,genus (E),,Specklinia,psichion
589,subfamily (A),,Epidendroideae,psichion
590,genus (E),,Specklinia,remotiflora
590,subfamily (A),,Epidendroideae,remotiflora
591,genus (E),,Specklinia,spectabilis
591,subfamily (A),,Epidendroideae,spectabilis
592,genus (E),,Specklinia,trilobata
592,subfamily (A),,Epidendroideae,trilobata
593,genus (E),,Specklinia,vierlingii
593,subfamily (A),,Epidendroideae,vierlingii
595,genus (E),,Stelis,aemula
595,subfamily (A),,Epidendroideae,aemula
596,genus (E),,Stelis,antillensis
596,subfamily (A),,Epidendroideae,antillensis
597,genus (E),,Stelis,argentata
597,subfamily (A),,Epidendroideae,argentata
598,genus (E),,Stelis,atwoodii
598,subfamily (A),,Epidendroideae,atwoodii
599,genus (E),,Stelis,carpinterae
599,subfamily (A),,Epidendroideae,carpinterae
600,genus (E),,Stelis,cassidis
600,subfamily (A),,Epidendroideae,cassidis
601,genus (E),,Stelis,cleistogama
601,subfamily (A),,Epidendroideae,cleistogama
602,genus (E),,Stelis,cobanensis
602,subfamily (A),,Epidendroideae,cobanensis
603,subfamily (A),,Epidendroideae,convallaria
604,genus (E),,Stelis,deregularis
604,subfamily (A),,Epidendroideae,deregularis
605,genus (E),,Stelis,galeata
605,subfamily (A),,Epidendroideae,galeata
606,genus (E),,Stelis,gelida
606,subfamily (A),,Epidendroideae,gelida
607,genus (E),,Stelis,hymenantha
607,subfamily (A),,Epidendroideae,hymenantha
608,genus (E),,Stelis,immersa
608,subfamily (A),,Epidendroideae,immersa
609,genus (E),,Stelis,lankesteri
609,subfamily (A),,Epidendroideae,lankesteri
610,genus (E),,Stelis,latisepala
610,subfamily (A),,Epidendroideae,latisepala
611,genus (E),,Stelis,lauta
611,subfamily (A),,Epidendroideae,lauta
612,genus (E),,Stelis,oblongifolia
612,subfamily (A),,Epidendroideae,oblongifolia
613,subfamily (A),,Epidendroideae,quadrifida
614,genus (E),,Stelis,parvula
614,subfamily (A),,Epidendroideae,parvula
615,genus (E),,Stelis,pilosa
615,subfamily (A),,Epidendroideae,pilosa
616,genus (E),,Stelis,pittieri
616,subfamily (A),,Epidendroideae,pittieri
617,genus (E),,Stelis,pompalis
617,subfamily (A),,Epidendroideae,pompalis
618,genus (E),,Stelis,rubens
618,subfamily (A),,Epidendroideae,rubens
619,genus (E),,Stelis,sclerophylla
619,subfamily (A),,Epidendroideae,sclerophylla
620,genus (E),,Stelis,segoviensis
620,subfamily (A),,Epidendroideae,segoviensis
621,genus (E),,Stelis,simplex
621,subfamily (A),,Epidendroideae,simplex
622,genus (E),,Stelis,superbiens
622,subfamily (A),,Epidendroideae,superbiens
623,subfamily (A),,Epidendroideae,tridentata
624,genus (E),,Stelis,tubata
624,subfamily (A),,Epidendroideae,tubata
625,genus (E),,Stelis,vulcanica
625,subfamily (A),,Epidendroideae,vulcanica
627,genus (E),,Teagueia,sp
627,subfamily (A),,Epidendroideae,sp
628,genus (E),,Teagueia,teaguei
628,subfamily (A),,Epidendroideae,teaguei
630,genus (E),,Trichosalpinx,reflexa
630,subfamily (A),,Epidendroideae,reflexa
633,genus (E),,Isochilus,bracteatus
633,subfamily (A),,Epidendroideae,bracteatus
634,genus (E),,Isochilus,carnosiflorus
634,subfamily (A),,Epidendroideae,carnosiflorus
635,genus (E),,Isochilus,langlassei
635,subfamily (A),,Epidendroideae,langlassei
636,genus (E),,Isochilus,latibracteatus
636,subfamily (A),,Epidendroideae,latibracteatus
639,genus (E),,Gastrodia,clausa
639,subfamily (A),,Epidendroideae,clausa
640,genus (E),,Gastrodia,cunninghamii
640,subfamily (A),,Epidendroideae,cunninghamii
641,genus (E),,Gastrodia,confusioides
641,subfamily (A),,Epidendroideae,confusioides
642,genus (E),,Gastrodia,damingshanensis
642,subfamily (A),,Epidendroideae,damingshanensis
643,genus (E),,Gastrodia,elata
643,subfamily (A),,Epidendroideae,elata
644,genus (E),,Gastrodia,exilis
644,subfamily (A),,Epidendroideae,exilis
645,genus (E),,Gastrodia,flexistyloides
645,subfamily (A),,Epidendroideae,flexistyloides
646,genus (E),,Gastrodia,foetida
646,subfamily (A),,Epidendroideae,foetida
647,subfamily (A),,Epidendroideae,javanica
648,genus (E),,Gastrodia,kuroshimensis
648,subfamily (A),,Epidendroideae,kuroshimensis
649,genus (E),,Gastrodia,nipponicoides
649,subfamily (A),,Epidendroideae,nipponicoides
650,genus (E),,Gastrodia,okinawensis
650,subfamily (A),,Epidendroideae,okinawensis
651,genus (E),,Gastrodia,sesamoides
651,subfamily (A),,Epidendroideae,sesamoides
652,genus (E),,Gastrodia,similis
652,subfamily (A),,Epidendroideae,similis
653,genus (E),,Gastrodia,takeshimensis
653,subfamily (A),,Epidendroideae,takeshimensis
655,genus (E),,Bulbophyllum,affine
655,subfamily (A),,Epidendroideae,affine
656,genus (E),,Bulbophyllum,ambrosia
656,subfamily (A),,Epidendroideae,ambrosia
657,genus (E),,Bulbophyllum,andersonii
657,subfamily (A),,Epidendroideae,andersonii
658,genus (E),,Bulbophyllum,annandalei
658,subfamily (A),,Epidendroideae,annandalei
659,genus (E),,Bulbophyllum,apertum
659,subfamily (A),,Epidendroideae,apertum
660,genus (E),,Bulbophyllum,aphanopetalum
660,subfamily (A),,Epidendroideae,aphanopetalum
661,genus (E),,Bulbophyllum,auratum
661,subfamily (A),,Epidendroideae,auratum
662,genus (E),,Bulbophyllum,baileyi
662,subfamily (A),,Epidendroideae,baileyi
663,subfamily (A),,Epidendroideae,ballii
664,genus (E),,Bulbophyllum,barba
664,subfamily (A),,Epidendroideae,barba
665,genus (E),,Bulbophyllum,betchei
665,subfamily (A),,Epidendroideae,betchei
666,genus (E),,Bulbophyllum,bicolor
666,subfamily (A),,Epidendroideae,bicolor
667,genus (E),,Bulbophyllum,bicoloratum
667,subfamily (A),,Epidendroideae,bicoloratum
668,genus (E),,Bulbophyllum,capuronii
668,subfamily (A),,Epidendroideae,capuronii
669,genus (E),,Bulbophyllum,cheiri
669,subfamily (A),,Epidendroideae,cheiri
670,genus (E),,Bulbophyllum,cirrhoglossum
670,subfamily (A),,Epidendroideae,cirrhoglossum
671,genus (E),,Bulbophyllum,clavatum
671,subfamily (A),,Epidendroideae,clavatum
672,genus (E),,Bulbophyllum,cleistogamum
672,subfamily (A),,Epidendroideae,cleistogamum
673,subfamily (A),,Epidendroideae,chloroglossum
674,genus (E),,Bulbophyllum,complanatum
674,subfamily (A),,Epidendroideae,complanatum
675,genus (E),,Bulbophyllum,corallinum
675,subfamily (A),,Epidendroideae,corallinum
676,genus (E),,Bulbophyllum,corolliferum
676,subfamily (A),,Epidendroideae,corolliferum
677,genus (E),,Bulbophyllum,correae
677,subfamily (A),,Epidendroideae,correae
678,genus (E),,Bulbophyllum,crassipes
678,subfamily (A),,Epidendroideae,crassipes
679,genus (E),,Bulbophyllum,cryptostachyum
679,subfamily (A),,Epidendroideae,cryptostachyum
680,genus (E),,Bulbophyllum,cupreum
680,subfamily (A),,Epidendroideae,cupreum
681,genus (E),,Bulbophyllum,curvimentatum
681,subfamily (A),,Epidendroideae,curvimentatum
682,genus (E),,Bulbophyllum,dasyphyllum
682,subfamily (A),,Epidendroideae,dasyphyllum
683,subfamily (A),,Epidendroideae,densum
684,genus (E),,Bulbophyllum,dischidiifolium
684,subfamily (A),,Epidendroideae,dischidiifolium
685,genus (E),,Bulbophyllum,ecornutum
685,subfamily (A),,Epidendroideae,ecornutum
686,genus (E),,Bulbophyllum,elevatopunctatum
686,subfamily (A),,Epidendroideae,elevatopunctatum
687,genus (E),,Bulbophyllum,elliotii
687,subfamily (A),,Epidendroideae,elliotii
688,genus (E),,Bulbophyllum,emiliorum
688,subfamily (A),,Epidendroideae,emiliorum
689,genus (E),,Bulbophyllum,epicranthes
689,subfamily (A),,Epidendroideae,epicranthes
690,genus (E),,Bulbophyllum,epiphytum
690,subfamily (A),,Epidendroideae,epiphytum
691,genus (E),,Bulbophyllum,erectum
691,subfamily (A),,Epidendroideae,erectum
692,genus (E),,Bulbophyllum,ericssonii
692,subfamily (A),,Epidendroideae,ericssonii
693,subfamily (A),,Epidendroideae,funingense
694,genus (E),,Bulbophyllum,giellerupii
694,subfamily (A),,Epidendroideae,giellerupii
695,genus (E),,Bulbophyllum,glutinosum
695,subfamily (A),,Epidendroideae,glutinosum
696,genus (E),,Bulbophyllum,gracillimum
696,subfamily (A),,Epidendroideae,gracillimum
697,genus (E),,Bulbophyllum,graveolens
697,subfamily (A),,Epidendroideae,graveolens
698,genus (E),,Bulbophyllum,hahlianum
698,subfamily (A),,Epidendroideae,hahlianum
699,genus (E),,Bulbophyllum,helenae
699,subfamily (A),,Epidendroideae,helenae
700,genus (E),,Bulbophyllum,hildebrandtii
700,subfamily (A),,Epidendroideae,hildebrandtii
701,genus (E),,Bulbophyllum,histrionicum
701,subfamily (A),,Epidendroideae,histrionicum
702,genus (E),,Bulbophyllum,hortorum
702,subfamily (A),,Epidendroideae,hortorum
703,subfamily (A),,Epidendroideae,humboltii
704,genus (E),,Bulbophyllum,implexum
704,subfamily (A),,Epidendroideae,implexum
705,genus (E),,Bulbophyllum,incurvum
705,subfamily (A),,Epidendroideae,incurvum
706,genus (E),,Bulbophyllum,insectiferum
706,subfamily (A),,Epidendroideae,insectiferum
707,genus (E),,Bulbophyllum,involutum
707,subfamily (A),,Epidendroideae,involutum
708,genus (E),,Bulbophyllum,ipanemense
708,subfamily (A),,Epidendroideae,ipanemense
709,genus (E),,Bulbophyllum,lasianthum
709,subfamily (A),,Epidendroideae,lasianthum
710,genus (E),,Bulbophyllum,lepidium
710,subfamily (A),,Epidendroideae,lepidium
711,genus (E),,Bulbophyllum,lecouflei
711,subfamily (A),,Epidendroideae,lecouflei
712,genus (E),,Bulbophyllum,lilacinum
712,subfamily (A),,Epidendroideae,lilacinum
713,subfamily (A),,Epidendroideae,lobbii
714,genus (E),,Bulbophyllum,longifolium
714,subfamily (A),,Epidendroideae,longifolium
715,genus (E),,Bulbophyllum,luteobracteatum
715,subfamily (A),,Epidendroideae,luteobracteatum
716,genus (E),,Bulbophyllum,macranthoides
716,subfamily (A),,Epidendroideae,macranthoides
717,genus (E),,Bulbophyllum,macphersonii
717,subfamily (A),,Epidendroideae,macphersonii
718,genus (E),,Bulbophyllum,macranthum
718,subfamily (A),,Epidendroideae,macranthum
719,genus (E),,Bulbophyllum,malawiense
719,subfamily (A),,Epidendroideae,malawiense
720,genus (E),,Bulbophyllum,mandibulare
720,subfamily (A),,Epidendroideae,mandibulare
721,genus (E),,Bulbophyllum,mentosum
721,subfamily (A),,Epidendroideae,mentosum
722,genus (E),,Bulbophyllum,minutum
722,subfamily (A),,Epidendroideae,minutum
723,subfamily (A),,Epidendroideae,mucronifolium
724,genus (E),,Bulbophyllum,nigrescens
724,subfamily (A),,Epidendroideae,nigrescens
725,genus (E),,Bulbophyllum,nipondhii
725,subfamily (A),,Epidendroideae,nipondhii
726,genus (E),,Bulbophyllum,nutans
726,subfamily (A),,Epidendroideae,nutans
727,genus (E),,Bulbophyllum,obtusatum
727,subfamily (A),,Epidendroideae,obtusatum
728,genus (E),,Bulbophyllum,occlusum
728,subfamily (A),,Epidendroideae,occlusum
729,genus (E),,Bulbophyllum,occultum
729,subfamily (A),,Epidendroideae,occultum
730,genus (E),,Bulbophyllum,odoratissimum
730,subfamily (A),,Epidendroideae,odoratissimum
731,genus (E),,Bulbophyllum,oreonastes
731,subfamily (A),,Epidendroideae,oreonastes
732,genus (E),,Bulbophyllum,orientale
732,subfamily (A),,Epidendroideae,orientale
733,subfamily (A),,Epidendroideae,ornatissimum
734,genus (E),,Bulbophyllum,patens
734,subfamily (A),,Epidendroideae,patens
735,genus (E),,Bulbophyllum,peninsulare
735,subfamily (A),,Epidendroideae,peninsulare
736,genus (E),,Bulbophyllum,penicillium
736,subfamily (A),,Epidendroideae,penicillium
737,genus (E),,Bulbophyllum,pervillei
737,subfamily (A),,Epidendroideae,pervillei
738,genus (E),,Bulbophyllum,praetervisum
738,subfamily (A),,Epidendroideae,praetervisum
739,genus (E),,Bulbophyllum,prismaticum
739,subfamily (A),,Epidendroideae,prismaticum
740,genus (E),,Bulbophyllum,pulvinatum
740,subfamily (A),,Epidendroideae,pulvinatum
741,genus (E),,Bulbophyllum,pusillum
741,subfamily (A),,Epidendroideae,pusillum
742,genus (E),,Bulbophyllum,quadrifarium
742,subfamily (A),,Epidendroideae,quadrifarium
743,subfamily (A),,Epidendroideae,regnellii
744,genus (E),,Bulbophyllum,rothschildianum
744,subfamily (A),,Epidendroideae,rothschildianum
745,genus (E),,Bulbophyllum,rubrum
745,subfamily (A),,Epidendroideae,rubrum
746,genus (E),,Bulbophyllum,ruginosum
746,subfamily (A),,Epidendroideae,ruginosum
747,genus (E),,Bulbophyllum,rupicola
747,subfamily (A),,Epidendroideae,rupicola
748,genus (E),,Bulbophyllum,saltatorium
748,subfamily (A),,Epidendroideae,saltatorium
749,genus (E),,Bulbophyllum,sambiranense
749,subfamily (A),,Epidendroideae,sambiranense
750,genus (E),,Bulbophyllum,scariosa
750,subfamily (A),,Epidendroideae,scariosa
751,genus (E),,Bulbophyllum,schinzianum
751,subfamily (A),,Epidendroideae,schinzianum
752,genus (E),,Bulbophyllum,scrobiculilabre
752,subfamily (A),,Epidendroideae,scrobiculilabre
753,subfamily (A),,Epidendroideae,shweliense
754,genus (E),,Bulbophyllum,sinapis
754,subfamily (A),,Epidendroideae,sinapis
755,genus (E),,Bulbophyllum,striatellum
755,subfamily (A),,Epidendroideae,striatellum
756,genus (E),,Bulbophyllum,subumbellatum
756,subfamily (A),,Epidendroideae,subumbellatum
757,genus (E),,Bulbophyllum,sutepense
758,genus (E),,Bulbophyllum,tollenoniferum
758,subfamily (A),,Epidendroideae,tollenoniferum
759,genus (E),,Bulbophyllum,triandrum
759,subfamily (A),,Epidendroideae,triandrum
760,genus (E),,Bulbophyllum,trifarium
760,subfamily (A),,Epidendroideae,trifarium
761,genus (E),,Bulbophyllum,umbellatum
761,subfamily (A),,Epidendroideae,umbellatum
762,genus (E),,Bulbophyllum,variegatum
762,subfamily (A),,Epidendroideae,variegatum
763,subfamily (A),,Epidendroideae,verruciferum
764,genus (E),,Bulbophyllum,vinaceum
764,subfamily (A),,Epidendroideae,vinaceum
765,genus (E),,Bulbophyllum,virescens
765,subfamily (A),,Epidendroideae,virescens
766,genus (E),,Bulbophyllum,warmingianum
766,subfamily (A),,Epidendroideae,warmingianum
767,genus (E),,Bulbophyllum,weddellii
767,subfamily (A),,Epidendroideae,weddellii
768,genus (E),,Bulbophyllum,weinthalii
768,subfamily (A),,Epidendroideae,weinthalii
770,genus (E),,Dendrobium,acinaciforme
770,subfamily (A),,Epidendroideae,acinaciforme
771,genus (E),,Dendrobium,adae
771,subfamily (A),,Epidendroideae,adae
772,genus (E),,Dendrobium,aduncum
772,subfamily (A),,Epidendroideae,aduncum
773,genus (E),,Dendrobium,albosanguineum
773,subfamily (A),,Epidendroideae,albosanguineum
774,genus (E),,Dendrobium,aloifolium
774,subfamily (A),,Epidendroideae,aloifolium
775,genus (E),,Dendrobium,angulatum
775,subfamily (A),,Epidendroideae,angulatum
776,genus (E),,Dendrobium,anosmum
776,subfamily (A),,Epidendroideae,anosmum
777,genus (E),,Dendrobium,aphyllum
777,subfamily (A),,Epidendroideae,aphyllum
778,subfamily (A),,Epidendroideae,aqueum
779,genus (E),,Dendrobium,atavus
779,subfamily (A),,Epidendroideae,atavus
780,genus (E),,Dendrobium,bicameratum
780,subfamily (A),,Epidendroideae,bicameratum
781,genus (E),,Dendrobium,biflorum
781,subfamily (A),,Epidendroideae,biflorum
782,genus (E),,Dendrobium,bigibbum
782,subfamily (A),,Epidendroideae,bigibbum
783,genus (E),,Dendrobium,bilobulatum
783,subfamily (A),,Epidendroideae,bilobulatum
784,genus (E),,Dendrobium,blumei
784,subfamily (A),,Epidendroideae,blumei
785,genus (E),,Dendrobium,brevimentum
785,subfamily (A),,Epidendroideae,brevimentum
786,genus (E),,Dendrobium,brymerianum
786,subfamily (A),,Epidendroideae,brymerianum
787,genus (E),,Dendrobium,calcaratum
787,subfamily (A),,Epidendroideae,calcaratum
788,subfamily (A),,Epidendroideae,calocephalum
789,genus (E),,Dendrobium,canaliculatum
789,subfamily (A),,Epidendroideae,canaliculatum
790,genus (E),,Dendrobium,capillipes
790,subfamily (A),,Epidendroideae,capillipes
791,genus (E),,Dendrobium,carniferum
791,subfamily (A),,Epidendroideae,carniferum
792,genus (E),,Dendrobium,catenatum
792,subfamily (A),,Epidendroideae,catenatum
793,genus (E),,Dendrobium,chrysanthum
793,subfamily (A),,Epidendroideae,chrysanthum
794,genus (E),,Dendrobium,chryseum
794,subfamily (A),,Epidendroideae,chryseum
795,genus (E),,Dendrobium,chrysotoxum
795,subfamily (A),,Epidendroideae,chrysotoxum
796,genus (E),,Dendrobium,clausum
796,subfamily (A),,Epidendroideae,clausum
797,genus (E),,Dendrobium,cleistogamum
797,subfamily (A),,Epidendroideae,cleistogamum
798,subfamily (A),,Epidendroideae,compactum
799,genus (E),,Dendrobium,crepidatum
799,subfamily (A),,Epidendroideae,crepidatum
800,genus (E),,Dendrobium,crumenatum
800,subfamily (A),,Epidendroideae,crumenatum
801,genus (E),,Dendrobium,crystalinum
801,subfamily (A),,Epidendroideae,crystalinum
802,genus (E),,Dendrobium,cucullatum
802,subfamily (A),,Epidendroideae,cucullatum
803,genus (E),,Dendrobium,cunninghamii
803,subfamily (A),,Epidendroideae,cunninghamii
804,genus (E),,Dendrobium,curvicaule
804,subfamily (A),,Epidendroideae,curvicaule
805,genus (E),,Dendrobium,dantaniense
805,subfamily (A),,Epidendroideae,dantaniense
806,genus (E),,Dendrobium,dendrocolloides
806,subfamily (A),,Epidendroideae,dendrocolloides
807,genus (E),,Dendrobium,denneanum
807,subfamily (A),,Epidendroideae,denneanum
808,subfamily (A),,Epidendroideae,densiflorum
809,genus (E),,Dendrobium,denudans
809,subfamily (A),,Epidendroideae,denudans
810,genus (E),,Dendrobium,devonianum
810,subfamily (A),,Epidendroideae,devonianum
811,genus (E),,Dendrobium,distichum
811,subfamily (A),,Epidendroideae,distichum
812,genus (E),,Dendrobium,dixanthum
812,subfamily (A),,Epidendroideae,dixanthum
813,genus (E),,Dendrobium,draconis
813,subfamily (A),,Epidendroideae,draconis
814,genus (E),,Dendrobium,ellipsophyllum
814,subfamily (A),,Epidendroideae,ellipsophyllum
815,genus (E),,Dendrobium,erostelle
815,subfamily (A),,Epidendroideae,erostelle
816,genus (E),,Dendrobium,exile
816,subfamily (A),,Epidendroideae,exile
817,genus (E),,Dendrobium,falconeri
817,subfamily (A),,Epidendroideae,falconeri
818,subfamily (A),,Epidendroideae,falcorostrum
819,genus (E),,Dendrobium,farmeri
819,subfamily (A),,Epidendroideae,farmeri
820,genus (E),,Dendrobium,fimbriatum
820,subfamily (A),,Epidendroideae,fimbriatum
821,genus (E),,Dendrobium,findlayanum
821,subfamily (A),,Epidendroideae,findlayanum
822,genus (E),,Dendrobium,finisterrae
822,subfamily (A),,Epidendroideae,finisterrae
823,genus (E),,Dendrobium,formosum
823,subfamily (A),,Epidendroideae,formosum
824,genus (E),,Dendrobium,gemellum
824,subfamily (A),,Epidendroideae,gemellum
825,genus (E),,Dendrobium,gibsonii
825,subfamily (A),,Epidendroideae,gibsonii
826,genus (E),,Dendrobium,gratiotissimum
826,subfamily (A),,Epidendroideae,gratiotissimum
827,genus (E),,Dendrobium,griffithianum
827,subfamily (A),,Epidendroideae,griffithianum
828,subfamily (A),,Epidendroideae,hainanense
829,genus (E),,Dendrobium,hancockii
829,subfamily (A),,Epidendroideae,hancockii
830,genus (E),,Dendrobium,hendersonii
830,subfamily (A),,Epidendroideae,hendersonii
831,genus (E),,Dendrobium,hercoglossum
831,subfamily (A),,Epidendroideae,hercoglossum
832,genus (E),,Dendrobium,heterocarpum
832,subfamily (A),,Epidendroideae,heterocarpum
833,genus (E),,Dendrobium,homoglossum
833,subfamily (A),,Epidendroideae,homoglossum
834,genus (E),,Dendrobium,hookerianum
834,subfamily (A),,Epidendroideae,hookerianum
835,genus (E),,Dendrobium,hosei
835,subfamily (A),,Epidendroideae,hosei
836,genus (E),,Dendrobium,indivisum
836,subfamily (A),,Epidendroideae,indivisum
837,genus (E),,Dendrobium,indragiriense
837,subfamily (A),,Epidendroideae,indragiriense
838,subfamily (A),,Epidendroideae,infundibulum
839,genus (E),,Dendrobium,insigne
839,subfamily (A),,Epidendroideae,insigne
840,genus (E),,Dendrobium,jenkinsii
840,subfamily (A),,Epidendroideae,jenkinsii
841,genus (E),,Dendrobium,jiajiangense
841,subfamily (A),,Epidendroideae,jiajiangense
842,genus (E),,Dendrobium,jonesii
842,subfamily (A),,Epidendroideae,jonesii
843,genus (E),,Dendrobium,keithii
843,subfamily (A),,Epidendroideae,keithii
844,genus (E),,Dendrobium,kinabaluense
844,subfamily (A),,Epidendroideae,kinabaluense
845,genus (E),,Dendrobium,kingianum
845,subfamily (A),,Epidendroideae,kingianum
846,genus (E),,Dendrobium,lamellatum
846,subfamily (A),,Epidendroideae,lamellatum
847,genus (E),,Dendrobium,lawesii
847,subfamily (A),,Epidendroideae,lawesii
848,subfamily (A),,Epidendroideae,leonis
849,genus (E),,Dendrobium,lichenastrum
849,subfamily (A),,Epidendroideae,lichenastrum
850,genus (E),,Dendrobium,linawianum
850,subfamily (A),,Epidendroideae,linawianum
851,genus (E),,Dendrobium,lindleyi
851,subfamily (A),,Epidendroideae,lindleyi
852,genus (E),,Dendrobium,linguella
852,subfamily (A),,Epidendroideae,linguella
853,genus (E),,Dendrobium,linguiforme
853,subfamily (A),,Epidendroideae,linguiforme
854,genus (E),,Dendrobium,loddigesii
854,subfamily (A),,Epidendroideae,loddigesii
855,genus (E),,Dendrobium,lohohense
855,subfamily (A),,Epidendroideae,lohohense
856,genus (E),,Dendrobium,longicornu
856,subfamily (A),,Epidendroideae,longicornu
857,genus (E),,Dendrobium,macrostachyum
857,subfamily (A),,Epidendroideae,macrostachyum
858,subfamily (A),,Epidendroideae,mannii
859,genus (E),,Dendrobium,mirabelianum
859,subfamily (A),,Epidendroideae,mirabelianum
860,genus (E),,Dendrobium,mohlianum
860,subfamily (A),,Epidendroideae,mohlianum
861,genus (E),,Dendrobium,moniliforme
861,subfamily (A),,Epidendroideae,moniliforme
862,genus (E),,Dendrobium,monophyllum
862,subfamily (A),,Epidendroideae,monophyllum
863,genus (E),,Dendrobium,moschatum
863,subfamily (A),,Epidendroideae,moschatum
864,genus (E),,Dendrobium,mucronatum
864,subfamily (A),,Epidendroideae,mucronatum
865,genus (E),,Dendrobium,nathanielis
865,subfamily (A),,Epidendroideae,nathanielis
866,genus (E),,Dendrobium,nobile
866,subfamily (A),,Epidendroideae,nobile
867,genus (E),,Dendrobium,noesae
867,subfamily (A),,Epidendroideae,noesae
868,subfamily (A),,Epidendroideae,nugentii
869,genus (E),,Dendrobium,ochreatum
869,subfamily (A),,Epidendroideae,ochreatum
870,genus (E),,Dendrobium,orbilobatum
870,subfamily (A),,Epidendroideae,orbilobatum
871,genus (E),,Dendrobium,pachyglossum
871,subfamily (A),,Epidendroideae,pachyglossum
872,genus (E),,Dendrobium,pachyphyllum
872,subfamily (A),,Epidendroideae,pachyphyllum
873,genus (E),,Dendrobium,pachystele
873,subfamily (A),,Epidendroideae,pachystele
874,genus (E),,Dendrobium,palpebrae
874,subfamily (A),,Epidendroideae,palpebrae
875,genus (E),,Dendrobium,pandaneti
875,subfamily (A),,Epidendroideae,pandaneti
876,genus (E),,Dendrobium,panduriferum
876,subfamily (A),,Epidendroideae,panduriferum
877,genus (E),,Dendrobium,parcum
877,subfamily (A),,Epidendroideae,parcum
878,subfamily (A),,Epidendroideae,parishii
879,genus (E),,Dendrobium,paucilacinatum
879,subfamily (A),,Epidendroideae,paucilacinatum
880,genus (E),,Dendrobium,pendulum
880,subfamily (A),,Epidendroideae,pendulum
881,genus (E),,Dendrobium,planibulbe
881,subfamily (A),,Epidendroideae,planibulbe
882,genus (E),,Dendrobium,polyanthum
882,subfamily (A),,Epidendroideae,polyanthum
883,genus (E),,Dendrobium,primulinum
883,subfamily (A),,Epidendroideae,primulinum
884,genus (E),,Dendrobium,pulchellum
884,subfamily (A),,Epidendroideae,pulchellum
885,genus (E),,Dendrobium,quadriferum
885,subfamily (A),,Epidendroideae,quadriferum
886,genus (E),,Dendrobium,salaccense
886,subfamily (A),,Epidendroideae,salaccense
887,genus (E),,Dendrobium,scoriarum
887,subfamily (A),,Epidendroideae,scoriarum
888,subfamily (A),,Epidendroideae,secundum
889,genus (E),,Dendrobium,senile
889,subfamily (A),,Epidendroideae,senile
890,genus (E),,Dendrobium,setifolium
890,subfamily (A),,Epidendroideae,setifolium
891,genus (E),,Dendrobium,signatum
891,subfamily (A),,Epidendroideae,signatum
892,genus (E),,Dendrobium,simplex
892,subfamily (A),,Epidendroideae,simplex
893,genus (E),,Dendrobium,sinense
893,subfamily (A),,Epidendroideae,sinense
894,genus (E),,Dendrobium,sinominutiflorum
894,subfamily (A),,Epidendroideae,sinominutiflorum
895,genus (E),,Dendrobium,speciosum
895,subfamily (A),,Epidendroideae,speciosum
896,genus (E),,Dendrobium,stuposum
896,subfamily (A),,Epidendroideae,stuposum
897,genus (E),,Dendrobium,subulatum
897,subfamily (A),,Epidendroideae,subulatum
898,subfamily (A),,Epidendroideae,stuartii
899,genus (E),,Dendrobium,sulcatum
899,subfamily (A),,Epidendroideae,sulcatum
900,genus (E),,Dendrobium,tetraedre
900,subfamily (A),,Epidendroideae,tetraedre
901,genus (E),,Dendrobium,thyrsiflorum
901,subfamily (A),,Epidendroideae,thyrsiflorum
902,genus (E),,Dendrobium,toressae
902,subfamily (A),,Epidendroideae,toressae
903,genus (E),,Dendrobium,tortile
903,subfamily (A),,Epidendroideae,tortile
904,genus (E),,Dendrobium,trantuanii
904,subfamily (A),,Epidendroideae,trantuanii
905,genus (E),,Dendrobium,trigonopus
905,subfamily (A),,Epidendroideae,trigonopus
906,genus (E),,Dendrobium,truncatum
906,subfamily (A),,Epidendroideae,truncatum
907,genus (E),,Dendrobium,unicum
907,subfamily (A),,Epidendroideae,unicum
908,subfamily (A),,Epidendroideae,virgineum
909,genus (E),,Dendrobium,wangliangii
909,subfamily (A),,Epidendroideae,wangliangii
910,genus (E),,Dendrobium,wardianum
910,subfamily (A),,Epidendroideae,wardianum
912,genus (E),,Crepidium,maximowicziana
912,subfamily (A),,Epidendroideae,maximowicziana
913,genus (E),,Crepidium,nephroglossum
913,subfamily (A),,Epidendroideae,nephroglossum
914,genus (E),,Crepidium,soleiforme
914,subfamily (A),,Epidendroideae,soleiforme
918,genus (E),,Liparis,cleistogama
918,subfamily (A),,Epidendroideae,cleistogama
919,genus (E),,Liparis,disticha
919,subfamily (A),,Epidendroideae,disticha
920,genus (E),,Liparis,elliptica
920,subfamily (A),,Epidendroideae,elliptica
921,genus (E),,Liparis,ferruginea
921,subfamily (A),,Epidendroideae,ferruginea
922,genus (E),,Liparis,flavescens
922,subfamily (A),,Epidendroideae,flavescens
923,genus (E),,Liparis,gigantea
923,subfamily (A),,Epidendroideae,gigantea
924,genus (E),,Liparis,kumokiri
924,subfamily (A),,Epidendroideae,kumokiri
925,genus (E),,Liparis,liliifolia
925,subfamily (A),,Epidendroideae,liliifolia
926,genus (E),,Liparis,loeselii
926,subfamily (A),,Epidendroideae,loeselii
927,genus (E),,Liparis,reflexa
927,subfamily (A),,Epidendroideae,reflexa
928,subfamily (A),,Epidendroideae,salassia
929,genus (E),,Liparis,scaposa
929,subfamily (A),,Epidendroideae,scaposa
930,genus (E),,Liparis,viridiflora
930,subfamily (A),,Epidendroideae,viridiflora
932,genus (E),,Malaxis,massonii
932,subfamily (A),,Epidendroideae,massonii
933,genus (E),,Malaxis,monophyllos
933,subfamily (A),,Epidendroideae,monophyllos
934,genus (E),,Malaxis,paludosa
934,subfamily (A),,Epidendroideae,paludosa
935,genus (E),,Malaxis,unifolia
935,subfamily (A),,Epidendroideae,unifolia
937,genus (E),,Oberonia,austroyunnanensis
937,subfamily (A),,Epidendroideae,austroyunnanensis
938,genus (E),,Oberonia,caulescerns
938,subfamily (A),,Epidendroideae,caulescerns
939,genus (E),,Oberonia,cavaleriei
939,subfamily (A),,Epidendroideae,cavaleriei
940,genus (E),,Oberonia,cleistogama
940,subfamily (A),,Epidendroideae,cleistogama
941,genus (E),,Oberonia,disticha
941,subfamily (A),,Epidendroideae,disticha
942,genus (E),,Oberonia,ensiformis
942,subfamily (A),,Epidendroideae,ensiformis
943,genus (E),,Oberonia,falconeri
943,subfamily (A),,Epidendroideae,falconeri
944,genus (E),,Oberonia,integerrima
944,subfamily (A),,Epidendroideae,integerrima
945,subfamily (A),,Epidendroideae,japonica
946,genus (E),,Oberonia,linearis
946,subfamily (A),,Epidendroideae,linearis
947,genus (E),,Oberonia,mucronata
947,subfamily (A),,Epidendroideae,mucronata
948,genus (E),,Oberonia,longibracteata
948,subfamily (A),,Epidendroideae,longibracteata
949,genus (E),,Oberonia,rufilabris
949,subfamily (A),,Epidendroideae,rufilabris
950,genus (E),,Oberonia,variabilis
950,subfamily (A),,Epidendroideae,variabilis
952,genus (E),,Cephalanthera,damasonium
952,subfamily (A),,Epidendroideae,damasonium
953,genus (E),,Cephalanthera,falcata
953,subfamily (A),,Epidendroideae,falcata
954,genus (E),,Cephalanthera,longifolia
954,subfamily (A),,Epidendroideae,longifolia
955,genus (E),,Cephalanthera,rubra
955,subfamily (A),,Epidendroideae,rubra
957,genus (E),,Epipactis,atrorubens
957,subfamily (A),,Epidendroideae,atrorubens
958,genus (E),,Epipactis,bucegensis
958,subfamily (A),,Epidendroideae,bucegensis
959,genus (E),,Epipactis,campeadorii
959,subfamily (A),,Epidendroideae,campeadorii
960,genus (E),,Epipactis,confusa
960,subfamily (A),,Epidendroideae,confusa
961,genus (E),,Epipactis,distans
961,subfamily (A),,Epidendroideae,distans
962,genus (E),,Epipactis,dunensis
962,subfamily (A),,Epidendroideae,dunensis
963,genus (E),,Epipactis,fageticola
963,subfamily (A),,Epidendroideae,fageticola
964,genus (E),,Epipactis,fibri
964,subfamily (A),,Epidendroideae,fibri
965,subfamily (A),,Epidendroideae,flava
966,genus (E),,Epipactis,futakii
966,subfamily (A),,Epidendroideae,futakii
967,genus (E),,Epipactis,gigantea
967,subfamily (A),,Epidendroideae,gigantea
968,genus (E),,Epipactis,helleborine
968,subfamily (A),,Epidendroideae,helleborine
969,genus (E),,Epipactis,kleinii
969,subfamily (A),,Epidendroideae,kleinii
970,genus (E),,Epipactis,leptochila
970,subfamily (A),,Epidendroideae,leptochila
971,genus (E),,Epipactis,lusitanica
971,subfamily (A),,Epidendroideae,lusitanica
972,genus (E),,Epipactis,microphylla
972,subfamily (A),,Epidendroideae,microphylla
973,genus (E),,Epipactis,muelleri
973,subfamily (A),,Epidendroideae,muelleri
974,genus (E),,Epipactis,palustris
974,subfamily (A),,Epidendroideae,palustris
975,subfamily (A),,Epidendroideae,peitzii
976,genus (E),,Epipactis,persica
976,subfamily (A),,Epidendroideae,persica
977,genus (E),,Epipactis,phyllanthes
977,subfamily (A),,Epidendroideae,phyllanthes
978,genus (E),,Epipactis,placentina
978,subfamily (A),,Epidendroideae,placentina
979,genus (E),,Epipactis,provincialis
979,subfamily (A),,Epidendroideae,provincialis
980,genus (E),,Epipactis,pseudopurpurata
980,subfamily (A),,Epidendroideae,pseudopurpurata
981,genus (E),,Epipactis,purpurata
981,subfamily (A),,Epidendroideae,purpurata
982,genus (E),,Epipactis,rhodanensis
982,subfamily (A),,Epidendroideae,rhodanensis
983,genus (E),,Epipactis,sancta
983,subfamily (A),,Epidendroideae,sancta
984,genus (E),,Epipactis,thundbergii
984,subfamily (A),,Epidendroideae,thundbergii
985,subfamily (A),,Epidendroideae,tremolsii
986,genus (E),,Epipactis,veratrifolia
986,subfamily (A),,Epidendroideae,veratrifolia
987,genus (E),,Epipactis,youngiana
987,subfamily (A),,Epidendroideae,youngiana
989,genus (E),,Limodorum,trabutianum
989,subfamily (A),,Epidendroideae,trabutianum
991,genus (E),,Neottia,cordata
991,subfamily (A),,Epidendroideae,cordata
992,genus (E),,Neottia,listeroides
992,subfamily (A),,Epidendroideae,listeroides
993,genus (E),,Neottia,nidus-avis
993,subfamily (A),,Epidendroideae,nidus-avis
994,genus (E),,Neottia,ovata
994,subfamily (A),,Epidendroideae,ovata
995,genus (E),,Neottia,puberula
995,subfamily (A),,Epidendroideae,puberula
997,genus (E),,Palmorchis,powellii
997,subfamily (A),,Epidendroideae,powellii
999,genus (E),,Epipogium,roseum
999,subfamily (A),,Epidendroideae,roseum
1001,genus (E),,Nervilia,ballii
1001,subfamily (A),,Epidendroideae,ballii
1002,genus (E),,Nervilia,bicarinata
1002,subfamily (A),,Epidendroideae,bicarinata
1003,genus (E),,Nervilia,concolor
1003,subfamily (A),,Epidendroideae,concolor
1004,genus (E),,Nervilia,crociformis
1004,subfamily (A),,Epidendroideae,crociformis
1005,genus (E),,Nervilia,gassneri
1005,subfamily (A),,Epidendroideae,gassneri
1006,genus (E),,Nervilia,kotchii
1006,subfamily (A),,Epidendroideae,kotchii
1007,genus (E),,Nervilia,nipponica
1007,subfamily (A),,Epidendroideae,nipponica
1008,genus (E),,Nervilia,pectinata
1008,subfamily (A),,Epidendroideae,pectinata
1009,subfamily (A),,Epidendroideae,petrea
1010,genus (E),,Nervilia,shirensis
1010,subfamily (A),,Epidendroideae,shirensis
1011,genus (E),,Nervilia,stolziana
1011,subfamily (A),,Epidendroideae,stolziana
1013,genus (E),,Appendicula,bracteata
1013,subfamily (A),,Epidendroideae,bracteata
1014,genus (E),,Appendicula,carinifera
1014,subfamily (A),,Epidendroideae,carinifera
1015,genus (E),,Appendicula,cleistogama
1015,subfamily (A),,Epidendroideae,cleistogama
1016,genus (E),,Appendicula,concava
1016,subfamily (A),,Epidendroideae,concava
1017,genus (E),,Appendicula,djamuensis
1017,subfamily (A),,Epidendroideae,djamuensis
1018,genus (E),,Appendicula,flaccida
1018,subfamily (A),,Epidendroideae,flaccida
1019,genus (E),,Appendicula,isoglossa
1019,subfamily (A),,Epidendroideae,isoglossa
1020,genus (E),,Appendicula,kaniensis
1020,subfamily (A),,Epidendroideae,kaniensis
1021,subfamily (A),,Epidendroideae,lutea
1022,genus (E),,Appendicula,oblonga
1022,subfamily (A),,Epidendroideae,oblonga
1023,genus (E),,Appendicula,pseudopendula
1023,subfamily (A),,Epidendroideae,pseudopendula
1024,genus (E),,Appendicula,torricelliana
1024,subfamily (A),,Epidendroideae,torricelliana
1028,genus (E),,Ceratostylis,subulata
1028,subfamily (A),,Epidendroideae,subulata
1031,genus (E),,Cylindrolobus,marginatus
1031,subfamily (A),,Epidendroideae,marginatus
1033,genus (E),,Eria,bifalcis
1033,subfamily (A),,Epidendroideae,bifalcis
1034,genus (E),,Eria,clausa
1034,subfamily (A),,Epidendroideae,clausa
1035,genus (E),,Eria,coronaria
1035,subfamily (A),,Epidendroideae,coronaria
1036,genus (E),,Eria,densa
1036,subfamily (A),,Epidendroideae,densa
1037,genus (E),,Eria,floribunda
1037,subfamily (A),,Epidendroideae,floribunda
1038,genus (E),,Eria,isochila
1038,subfamily (A),,Epidendroideae,isochila
1039,genus (E),,Eria,javanica
1039,subfamily (A),,Epidendroideae,javanica
1040,genus (E),,Eria,lasiopetala
1040,subfamily (A),,Epidendroideae,lasiopetala
1041,subfamily (A),,Epidendroideae,pubescens
1042,genus (E),,Eria,robusta
1042,subfamily (A),,Epidendroideae,robusta
1043,genus (E),,Eria,spicata
1043,subfamily (A),,Epidendroideae,spicata
1045,genus (E),,Mycaranthes,pannea
1045,subfamily (A),,Epidendroideae,pannea
1046,genus (E),,Mycaranthes,stenophylla
1046,subfamily (A),,Epidendroideae,stenophylla
1049,genus (E),,Phreatia,densiflora
1049,subfamily (A),,Epidendroideae,densiflora
1050,genus (E),,Phreatia,gracilis
1050,subfamily (A),,Epidendroideae,gracilis
1051,genus (E),,Phreatia,microphyton
1051,subfamily (A),,Epidendroideae,microphyton
1052,genus (E),,Phreatia,oreogena
1052,subfamily (A),,Epidendroideae,oreogena
1053,genus (E),,Phreatia,trilobulata
1053,subfamily (A),,Epidendroideae,trilobulata
1055,genus (E),,Pinalia,ascervata
1055,subfamily (A),,Epidendroideae,ascervata
1056,genus (E),,Pinalia,excavata
1056,subfamily (A),,Epidendroideae,excavata
1057,genus (E),,Pinalia,globulifera
1057,subfamily (A),,Epidendroideae,globulifera
1058,genus (E),,Pinalia,graminifolia
1058,subfamily (A),,Epidendroideae,graminifolia
1059,genus (E),,Pinalia,saccifera
1059,subfamily (A),,Epidendroideae,saccifera
1060,genus (E),,Pinalia,spicata
1060,subfamily (A),,Epidendroideae,spicata
1061,genus (E),,Pinalia,stricta
1061,subfamily (A),,Epidendroideae,stricta
1064,genus (E),,Thelasis,carinata
1064,subfamily (A),,Epidendroideae,carinata
1065,genus (E),,Thelasis,compacta
1065,subfamily (A),,Epidendroideae,compacta
1066,genus (E),,Thelasis,micrantha
1066,subfamily (A),,Epidendroideae,micrantha
1067,genus (E),,Thelasis,pygmaea
1067,subfamily (A),,Epidendroideae,pygmaea
1070,genus (E),,Trichotosia,teysmannii
1070,subfamily (A),,Epidendroideae,teysmannii
1071,genus (E),,Trichotosia,vulpina
1071,subfamily (A),,Epidendroideae,vulpina
1073,genus (E),,Elleanthus,aurantiacus
1073,subfamily (A),,Epidendroideae,aurantiacus
1074,genus (E),,Elleanthus,aureus
1074,subfamily (A),,Epidendroideae,aureus
1075,genus (E),,Elleanthus,brasiliensis
1075,subfamily (A),,Epidendroideae,brasiliensis
1076,genus (E),,Elleanthus,capitatus
1076,subfamily (A),,Epidendroideae,capitatus
1077,genus (E),,Elleanthus,caravata
1077,subfamily (A),,Epidendroideae,caravata
1078,genus (E),,Elleanthus,cordidactylus
1078,subfamily (A),,Epidendroideae,cordidactylus
1079,genus (E),,Elleanthus,crinipes
1079,subfamily (A),,Epidendroideae,crinipes
1080,genus (E),,Elleanthus,glaucophyllus
1080,subfamily (A),,Epidendroideae,glaucophyllus
1081,subfamily (A),,Epidendroideae,graminifolius
1082,genus (E),,Elleanthus,hymenophorus
1082,subfamily (A),,Epidendroideae,hymenophorus
1083,genus (E),,Elleanthus,lancifolius
1083,subfamily (A),,Epidendroideae,lancifolius
1084,genus (E),,Elleanthus,longibracteatus
1084,subfamily (A),,Epidendroideae,longibracteatus
1085,genus (E),,Elleanthus,robustus
1085,subfamily (A),,Epidendroideae,robustus
1086,genus (E),,Elleanthus,roseus
1086,subfamily (A),,Epidendroideae,roseus
1087,genus (E),,Elleanthus,sodiroi
1087,subfamily (A),,Epidendroideae,sodiroi
1089,genus (E),,Sobralia,andreae
1089,subfamily (A),,Epidendroideae,andreae
1090,genus (E),,Sobralia,atropubescens
1090,subfamily (A),,Epidendroideae,atropubescens
1091,genus (E),,Sobralia,bouchei
1091,subfamily (A),,Epidendroideae,bouchei
1092,genus (E),,Sobralia,caloglossa
1092,subfamily (A),,Epidendroideae,caloglossa
1093,genus (E),,Sobralia,callosa
1093,subfamily (A),,Epidendroideae,callosa
1094,genus (E),,Sobralia,chrysostoma
1094,subfamily (A),,Epidendroideae,chrysostoma
1095,genus (E),,Sobralia,ciliata
1095,subfamily (A),,Epidendroideae,ciliata
1096,genus (E),,Sobralia,citrea
1096,subfamily (A),,Epidendroideae,citrea
1097,subfamily (A),,Epidendroideae,crispissima
1098,genus (E),,Sobralia,crocea
1098,subfamily (A),,Epidendroideae,crocea
1099,genus (E),,Sobralia,decora
1099,subfamily (A),,Epidendroideae,decora
1100,genus (E),,Sobralia,dichotoma
1100,subfamily (A),,Epidendroideae,dichotoma
1101,genus (E),,Sobralia,doremiliae
1101,subfamily (A),,Epidendroideae,doremiliae
1102,genus (E),,Sobralia,exigua
1102,subfamily (A),,Epidendroideae,exigua
1103,genus (E),,Sobralia,fractiflexus
1103,subfamily (A),,Epidendroideae,fractiflexus
1104,genus (E),,Sobralia,geminata
1104,subfamily (A),,Epidendroideae,geminata
1105,genus (E),,Sobralia,gloriana
1105,subfamily (A),,Epidendroideae,gloriana
1106,genus (E),,Sobralia,helleri
1106,subfamily (A),,Epidendroideae,helleri
1107,subfamily (A),,Epidendroideae,kerryae
1108,genus (E),,Sobralia,lacerata
1108,subfamily (A),,Epidendroideae,lacerata
1109,genus (E),,Sobralia,leucoxantha
1109,subfamily (A),,Epidendroideae,leucoxantha
1110,genus (E),,Sobralia,liliastrum
1110,subfamily (A),,Epidendroideae,liliastrum
1111,genus (E),,Sobralia,lindleyana
1111,subfamily (A),,Epidendroideae,lindleyana
1112,genus (E),,Sobralia,macrantha
1112,subfamily (A),,Epidendroideae,macrantha
1113,genus (E),,Sobralia,macrophylla
1113,subfamily (A),,Epidendroideae,macrophylla
1114,genus (E),,Sobralia,mucronata
1114,subfamily (A),,Epidendroideae,mucronata
1115,genus (E),,Sobralia,quinata
1115,subfamily (A),,Epidendroideae,quinata
1116,genus (E),,Sobralia,recta
1116,subfamily (A),,Epidendroideae,recta
1117,subfamily (A),,Epidendroideae,rosea
1118,genus (E),,Sobralia,sessilis
1118,subfamily (A),,Epidendroideae,sessilis
1119,genus (E),,Sobralia,theobromina
1119,subfamily (A),,Epidendroideae,theobromina
1120,genus (E),,Sobralia,violacea
1120,subfamily (A),,Epidendroideae,violacea
1121,genus (E),,Sobralia,warszewiczii
1121,subfamily (A),,Epidendroideae,warszewiczii
1122,genus (E),,Sobralia,yauaperyensis
1122,subfamily (A),,Epidendroideae,yauaperyensis
1124,genus (E),,Pogoniopsis,schenckii
1124,subfamily (A),,Epidendroideae,schenckii
1126,genus (E),,Psilochilus,modestus
1126,subfamily (A),,Epidendroideae,modestus
1127,genus (E),,Psilochilus,physurifolius
1127,subfamily (A),,Epidendroideae,physurifolius
1129,genus (E),,Triphora,hassleriana
1129,subfamily (A),,Epidendroideae,hassleriana
1130,genus (E),,Triphora,trianthophora
1130,subfamily (A),,Epidendroideae,trianthophora
1132,genus (E),,Corymborkis,flava
1132,subfamily (A),,Epidendroideae,flava
1133,genus (E),,Corymborkis,veratrifolia
1133,subfamily (A),,Epidendroideae,veratrifolia
1135,genus (E),,Tropidia,viridifusca
1135,subfamily (A),,Epidendroideae,viridifusca
1137,genus (E),,Bromheadia,finlaysoniana
1137,subfamily (A),,Epidendroideae,finlaysoniana
1139,genus (E),,Aerangis,confusa
1139,subfamily (A),,Epidendroideae,confusa
1140,genus (E),,Aerangis,ellisii
1140,subfamily (A),,Epidendroideae,ellisii
1141,genus (E),,Aerangis,fuscata
1141,subfamily (A),,Epidendroideae,fuscata
1142,genus (E),,Aerangis,kotschyana
1142,subfamily (A),,Epidendroideae,kotschyana
1143,genus (E),,Aerangis,mystacidii
1143,subfamily (A),,Epidendroideae,mystacidii
1144,genus (E),,Aerangis,punctata
1144,subfamily (A),,Epidendroideae,punctata
1145,genus (E),,Aerangis,thomsonii
1145,subfamily (A),,Epidendroideae,thomsonii
1146,genus (E),,Aerangis,verdickii
1146,subfamily (A),,Epidendroideae,verdickii
1148,genus (E),,Aeranthes,grandiflora
1148,subfamily (A),,Epidendroideae,grandiflora
1149,genus (E),,Aeranthes,strangulata
1149,subfamily (A),,Epidendroideae,strangulata
1150,genus (E),,Aeranthes,tenella
1150,subfamily (A),,Epidendroideae,tenella
1153,genus (E),,Angraecum,arachnites
1153,subfamily (A),,Epidendroideae,arachnites
1154,genus (E),,Angraecum,borbonicum
1154,subfamily (A),,Epidendroideae,borbonicum
1155,genus (E),,Angraecum,bracteosum
1155,subfamily (A),,Epidendroideae,bracteosum
1156,genus (E),,Angraecum,cadetii
1156,subfamily (A),,Epidendroideae,cadetii
1157,genus (E),,Angraecum,calceolus
1157,subfamily (A),,Epidendroideae,calceolus
1158,genus (E),,Angraecum,caulescens
1158,subfamily (A),,Epidendroideae,caulescens
1159,genus (E),,Angraecum,compactum
1159,subfamily (A),,Epidendroideae,compactum
1160,genus (E),,Angraecum,cornigerum
1160,subfamily (A),,Epidendroideae,cornigerum
1161,subfamily (A),,Epidendroideae,costatum
1162,genus (E),,Angraecum,cucullatum
1162,subfamily (A),,Epidendroideae,cucullatum
1163,genus (E),,Angraecum,cultriforme
1163,subfamily (A),,Epidendroideae,cultriforme
1164,genus (E),,Angraecum,eburneum
1164,subfamily (A),,Epidendroideae,eburneum
1165,genus (E),,Angraecum,expansum
1165,subfamily (A),,Epidendroideae,expansum
1166,genus (E),,Angraecum,germinyanum
1166,subfamily (A),,Epidendroideae,germinyanum
1167,genus (E),,Angraecum,inapertum
1167,subfamily (A),,Epidendroideae,inapertum
1168,genus (E),,Angraecum,liliodorum
1168,subfamily (A),,Epidendroideae,liliodorum
1169,genus (E),,Angraecum,mauritianum
1169,subfamily (A),,Epidendroideae,mauritianum
1170,genus (E),,Angraecum,multiflorum
1170,subfamily (A),,Epidendroideae,multiflorum
1171,subfamily (A),,Epidendroideae,obsversifolium
1172,genus (E),,Angraecum,patens
1172,subfamily (A),,Epidendroideae,patens
1173,genus (E),,Angraecum,pectinatum
1173,subfamily (A),,Epidendroideae,pectinatum
1174,genus (E),,Angraecum,pingue
1174,subfamily (A),,Epidendroideae,pingue
1175,genus (E),,Angraecum,ramosum
1175,subfamily (A),,Epidendroideae,ramosum
1176,genus (E),,Angraecum,sesquipedale
1176,subfamily (A),,Epidendroideae,sesquipedale
1177,genus (E),,Angraecum,spicatum
1177,subfamily (A),,Epidendroideae,spicatum
1178,genus (E),,Angraecum,sororium
1178,subfamily (A),,Epidendroideae,sororium
1179,genus (E),,Angraecum,striatum
1179,subfamily (A),,Epidendroideae,striatum
1180,genus (E),,Angraecum,tenuifolium
1180,subfamily (A),,Epidendroideae,tenuifolium
1183,genus (E),,Campylocentrum,burchellii
1183,subfamily (A),,Epidendroideae,burchellii
1184,genus (E),,Campylocentrum,micranthum
1184,subfamily (A),,Epidendroideae,micranthum
1187,genus (E),,Cyrtorchis,hamata
1187,subfamily (A),,Epidendroideae,hamata
1188,genus (E),,Cyrtorchis,okuensis
1188,subfamily (A),,Epidendroideae,okuensis
1191,genus (E),,Jumellea,exile
1191,subfamily (A),,Epidendroideae,exile
1192,genus (E),,Jumellea,fragrans
1192,subfamily (A),,Epidendroideae,fragrans
1193,genus (E),,Jumellea,recta
1193,subfamily (A),,Epidendroideae,recta
1194,genus (E),,Jumellea,recurva
1194,subfamily (A),,Epidendroideae,recurva
1195,genus (E),,Jumellea,rossii
1195,subfamily (A),,Epidendroideae,rossii
1196,genus (E),,Jumellea,stenophylla
1196,subfamily (A),,Epidendroideae,stenophylla
1197,genus (E),,Jumellea,stipitata
1197,subfamily (A),,Epidendroideae,stipitata
1198,genus (E),,Jumellea,teretifolia
1198,subfamily (A),,Epidendroideae,teretifolia
1199,subfamily (A),,Epidendroideae,triquetra
1200,genus (E),,Jumellea,walleri
1200,subfamily (A),,Epidendroideae,walleri
1202,genus (E),,Mystacidium,brayboniae
1202,subfamily (A),,Epidendroideae,brayboniae
1203,genus (E),,Mystacidium,capense
1203,subfamily (A),,Epidendroideae,capense
1204,genus (E),,Mystacidium,flanaganii
1204,subfamily (A),,Epidendroideae,flanaganii
1205,genus (E),,Mystacidium,gracile
1205,subfamily (A),,Epidendroideae,gracile
1206,genus (E),,Mystacidium,pusillum
1206,subfamily (A),,Epidendroideae,pusillum
1207,genus (E),,Mystacidium,tanganyikense
1207,subfamily (A),,Epidendroideae,tanganyikense
1208,genus (E),,Mystacidium,venosum
1208,subfamily (A),,Epidendroideae,venosum
1213,genus (E),,Rangaeris,muscicola
1213,subfamily (A),,Epidendroideae,muscicola
1214,subfamily (A),,Epidendroideae,caffrum
1215,genus (E),,Rhipidoglossum,millarii
1215,subfamily (A),,Epidendroideae,millarii
1218,genus (E),,Acampe,ochracea
1218,subfamily (A),,Epidendroideae,ochracea
1219,genus (E),,Acampe,pachyglossa
1219,subfamily (A),,Epidendroideae,pachyglossa
1220,genus (E),,Acampe,papillosa
1220,subfamily (A),,Epidendroideae,papillosa
1221,genus (E),,Acampe,praemorsa
1221,subfamily (A),,Epidendroideae,praemorsa
1223,genus (E),,Aerides,flabellata
1223,subfamily (A),,Epidendroideae,flabellata
1224,genus (E),,Aerides,odorata
1224,subfamily (A),,Epidendroideae,odorata
1225,genus (E),,Aerides,praemorsa
1225,subfamily (A),,Epidendroideae,praemorsa
1232,genus (E),,Cleisostoma,fuerstenbergianum
1232,subfamily (A),,Epidendroideae,fuerstenbergianum
1233,genus (E),,Cleisostoma,linearilobatum
1233,subfamily (A),,Epidendroideae,linearilobatum
1234,genus (E),,Cleisostoma,paniculatum
1234,subfamily (A),,Epidendroideae,paniculatum
1235,genus (E),,Cleisostoma,parishii
1235,subfamily (A),,Epidendroideae,parishii
1236,genus (E),,Cleisostoma,scolopendrifolium
1236,subfamily (A),,Epidendroideae,scolopendrifolium
1237,genus (E),,Cleisostoma,williamsonii
1237,subfamily (A),,Epidendroideae,williamsonii
1238,genus (E),,Cleisostoma,yersinii
1238,subfamily (A),,Epidendroideae,yersinii
1241,genus (E),,Diaphananthe,millarii
1241,subfamily (A),,Epidendroideae,millarii
1242,genus (E),,Diaphananthe,pellucida
1242,subfamily (A),,Epidendroideae,pellucida
1244,genus (E),,Gastrochilus,bellinus
1244,subfamily (A),,Epidendroideae,bellinus
1245,genus (E),,Gastrochilus,calceolaris
1245,subfamily (A),,Epidendroideae,calceolaris
1247,genus (E),,Holcoglossum,nujiangense
1247,subfamily (A),,Epidendroideae,nujiangense
1248,genus (E),,Holcoglossum,rupestre
1248,subfamily (A),,Epidendroideae,rupestre
1250,genus (E),,Luisia,curtisii
1250,subfamily (A),,Epidendroideae,curtisii
1251,genus (E),,Luisia,magniflora
1251,subfamily (A),,Epidendroideae,magniflora
1252,genus (E),,Luisia,morsei
1252,subfamily (A),,Epidendroideae,morsei
1253,genus (E),,Luisia,teres
1253,subfamily (A),,Epidendroideae,teres
1254,genus (E),,Luisia,trichorhiza
1254,subfamily (A),,Epidendroideae,trichorhiza
1256,genus (E),,Micropera,rostrata
1256,subfamily (A),,Epidendroideae,rostrata
1258,genus (E),,Papilionanthe,uniflora
1258,subfamily (A),,Epidendroideae,uniflora
1259,genus (E),,Papilionanthe,vandarum
1259,subfamily (A),,Epidendroideae,vandarum
1261,genus (E),,Pelatantheria,scolopendrifolium
1261,subfamily (A),,Epidendroideae,scolopendrifolium
1265,genus (E),,Phalaenopsis,braceana
1265,subfamily (A),,Epidendroideae,braceana
1266,genus (E),,Phalaenopsis,cornu-cervi
1266,subfamily (A),,Epidendroideae,cornu-cervi
1267,genus (E),,Phalaenopsis,difformis
1267,subfamily (A),,Epidendroideae,difformis
1268,genus (E),,Phalaenopsis,japonica
1268,subfamily (A),,Epidendroideae,japonica
1269,genus (E),,Phalaenopsis,ornithochilus
1269,subfamily (A),,Epidendroideae,ornithochilus
1270,genus (E),,Phalaenopsis,pulcherrima
1270,subfamily (A),,Epidendroideae,pulcherrima
1271,genus (E),,Phalaenopsis,schilleriana
1271,subfamily (A),,Epidendroideae,schilleriana
1272,genus (E),,Phalaenopsis,taenialis
1272,subfamily (A),,Epidendroideae,taenialis
1274,genus (E),,Pomatocalpa,macphersonii
1274,subfamily (A),,Epidendroideae,macphersonii
1275,genus (E),,Pomatocalpa,undulatum
1275,subfamily (A),,Epidendroideae,undulatum
1280,genus (E),,Schoenorchis,paniculata
1280,subfamily (A),,Epidendroideae,paniculata
1284,genus (E),,Taeniophyllum,muelleri
1284,subfamily (A),,Epidendroideae,muelleri
1286,genus (E),,Thrixspermum,trichoglottis
1286,subfamily (A),,Epidendroideae,trichoglottis
1289,genus (E),,Vanda,brunnea
1289,subfamily (A),,Epidendroideae,brunnea
1290,genus (E),,Vanda,christensoniana
1290,subfamily (A),,Epidendroideae,christensoniana
1291,genus (E),,Vanda,coerulea
1291,subfamily (A),,Epidendroideae,coerulea
1292,genus (E),,Vanda,concolor
1292,subfamily (A),,Epidendroideae,concolor
1293,genus (E),,Vanda,cristata
1293,subfamily (A),,Epidendroideae,cristata
1294,genus (E),,Vanda,curvifolium
1294,subfamily (A),,Epidendroideae,curvifolium
1295,genus (E),,Vanda,dives
1295,subfamily (A),,Epidendroideae,dives
1296,genus (E),,Vanda,falcata
1296,subfamily (A),,Epidendroideae,falcata
1297,subfamily (A),,Epidendroideae,garayi
1298,genus (E),,Vanda,hookeriana
1298,subfamily (A),,Epidendroideae,hookeriana
1299,genus (E),,Vanda,richardsiana
1299,subfamily (A),,Epidendroideae,richardsiana
1300,genus (E),,Vanda,tricolor
1300,subfamily (A),,Epidendroideae,tricolor
1301,genus (E),,Vanda,xichangensis
1301,subfamily (A),,Epidendroideae,xichangensis
1303,genus (E),,Polystachya,bennettiana
1303,subfamily (A),,Epidendroideae,bennettiana
1304,genus (E),,Polystachya,caloglossa
1304,subfamily (A),,Epidendroideae,caloglossa
1305,genus (E),,Polystachya,campyloglossa
1305,subfamily (A),,Epidendroideae,campyloglossa
1306,genus (E),,Polystachya,caracasana
1306,subfamily (A),,Epidendroideae,caracasana
1307,genus (E),,Polystachya,concreta
1307,subfamily (A),,Epidendroideae,concreta
1308,genus (E),,Polystachya,cultriformis
1308,subfamily (A),,Epidendroideae,cultriformis
1309,genus (E),,Polystachya,elegans
1309,subfamily (A),,Epidendroideae,elegans
1310,genus (E),,Polystachya,estrellensis
1310,subfamily (A),,Epidendroideae,estrellensis
1311,subfamily (A),,Epidendroideae,eurygnatha
1312,genus (E),,Polystachya,foliosa
1312,subfamily (A),,Epidendroideae,foliosa
1313,genus (E),,Polystachya,fusiformis
1313,subfamily (A),,Epidendroideae,fusiformis
1314,genus (E),,Polystachya,golungensis
1314,subfamily (A),,Epidendroideae,golungensis
1315,genus (E),,Polystachya,lawrenceana
1315,subfamily (A),,Epidendroideae,lawrenceana
1316,genus (E),,Polystachya,maculata
1316,subfamily (A),,Epidendroideae,maculata
1317,genus (E),,Polystachya,mauritiana
1317,subfamily (A),,Epidendroideae,mauritiana
1318,genus (E),,Polystachya,cf. ottoniana
1318,subfamily (A),,Epidendroideae,cf. ottoniana
1319,genus (E),,Polystachya,piersii
1319,subfamily (A),,Epidendroideae,piersii
1320,genus (E),,Polystachya,pubescens
1320,subfamily (A),,Epidendroideae,pubescens
1321,subfamily (A),,Epidendroideae,rosea
1322,genus (E),,Polystachya,seticaulis
1322,subfamily (A),,Epidendroideae,seticaulis
1323,genus (E),,Polystachya,spatella
1323,subfamily (A),,Epidendroideae,spatella
1324,genus (E),,Polystachya,tessellata
1324,subfamily (A),,Epidendroideae,tessellata
1325,genus (E),,Polystachya,woosnamii
1325,subfamily (A),,Epidendroideae,woosnamii
1327,genus (E),,Cymbidium,aloifolium
1327,subfamily (A),,Epidendroideae,aloifolium
1328,genus (E),,Cymbidium,atropurpureum
1328,subfamily (A),,Epidendroideae,atropurpureum
1329,genus (E),,Cymbidium,canaliculatum
1329,subfamily (A),,Epidendroideae,canaliculatum
1330,genus (E),,Cymbidium,cyperifolium
1330,subfamily (A),,Epidendroideae,cyperifolium
1331,genus (E),,Cymbidium,dayanum
1331,subfamily (A),,Epidendroideae,dayanum
1332,genus (E),,Cymbidium,devonianum
1332,subfamily (A),,Epidendroideae,devonianum
1333,genus (E),,Cymbidium,ensifolium
1333,subfamily (A),,Epidendroideae,ensifolium
1334,genus (E),,Cymbidium,erythraeum
1334,subfamily (A),,Epidendroideae,erythraeum
1335,subfamily (A),,Epidendroideae,faberi
1336,genus (E),,Cymbidium,finlaysonianum
1336,subfamily (A),,Epidendroideae,finlaysonianum
1337,genus (E),,Cymbidium,floribundum
1337,subfamily (A),,Epidendroideae,floribundum
1338,genus (E),,Cymbidium,goeringii
1338,subfamily (A),,Epidendroideae,goeringii
1339,genus (E),,Cymbidium,haematodes
1339,subfamily (A),,Epidendroideae,haematodes
1340,genus (E),,Cymbidium,insigne
1340,subfamily (A),,Epidendroideae,insigne
1341,genus (E),,Cymbidium,kanran
1341,subfamily (A),,Epidendroideae,kanran
1342,genus (E),,Cymbidium,lancifolium
1342,subfamily (A),,Epidendroideae,lancifolium
1343,genus (E),,Cymbidium,macrorhizon
1343,subfamily (A),,Epidendroideae,macrorhizon
1344,genus (E),,Cymbidium,madidum
1344,subfamily (A),,Epidendroideae,madidum
1345,subfamily (A),,Epidendroideae,qiubeiense
1346,genus (E),,Cymbidium,serratum
1346,subfamily (A),,Epidendroideae,serratum
1347,genus (E),,Cymbidium,sinense
1347,subfamily (A),,Epidendroideae,sinense
1348,genus (E),,Cymbidium,suave
1348,subfamily (A),,Epidendroideae,suave
1349,genus (E),,Cymbidium,suavissimum
1349,subfamily (A),,Epidendroideae,suavissimum
1351,genus (E),,Grammatophyllum,stapeliiflorum
1351,subfamily (A),,Epidendroideae,stapeliiflorum
1353,genus (E),,Eriopsis,rutidobulbon
1353,subfamily (A),,Epidendroideae,rutidobulbon
1354,genus (E),,Eriopsis,sceptrum
1354,subfamily (A),,Epidendroideae,sceptrum
1355,genus (E),,Eriopsis,wercklei
1355,subfamily (A),,Epidendroideae,wercklei
1356,genus (E),,Eriopsis,"sp ""A"""
1356,subfamily (A),,Epidendroideae,"sp ""A"""
1358,genus (E),,Acrolophia,cochlearis
1358,subfamily (A),,Epidendroideae,cochlearis
1359,genus (E),,Acrolophia,micrantha
1359,subfamily (A),,Epidendroideae,micrantha
1363,genus (E),,Dipodium,stenochilum
1363,subfamily (A),,Epidendroideae,stenochilum
1365,genus (E),,Eulophia,alta
1365,subfamily (A),,Epidendroideae,alta
1366,genus (E),,Eulophia,angolensis
1366,subfamily (A),,Epidendroideae,angolensis
1367,genus (E),,Eulophia,borbonica
1367,subfamily (A),,Epidendroideae,borbonica
1368,genus (E),,Eulophia,clavicornis
1368,subfamily (A),,Epidendroideae,clavicornis
1369,genus (E),,Eulophia,cristata
1369,subfamily (A),,Epidendroideae,cristata
1370,genus (E),,Eulophia,cucullata
1370,subfamily (A),,Epidendroideae,cucullata
1371,genus (E),,Eulophia,ensata
1371,subfamily (A),,Epidendroideae,ensata
1372,genus (E),,Eulophia,foliosa
1372,subfamily (A),,Epidendroideae,foliosa
1373,subfamily (A),,Epidendroideae,graminea
1374,genus (E),,Eulophia,horsfallii
1374,subfamily (A),,Epidendroideae,horsfallii
1375,genus (E),,Eulophia,katangensis
1375,subfamily (A),,Epidendroideae,katangensis
1376,genus (E),,Eulophia,macaulayae
1376,subfamily (A),,Epidendroideae,macaulayae
1377,genus (E),,Eulophia,nyasae
1377,subfamily (A),,Epidendroideae,nyasae
1378,genus (E),,Eulophia,ovalis
1378,subfamily (A),,Epidendroideae,ovalis
1379,genus (E),,Eulophia,parviflora A
1379,subfamily (A),,Epidendroideae,parviflora A
1380,genus (E),,Eulophia,parviflora B
1380,subfamily (A),,Epidendroideae,parviflora B
1381,genus (E),,Eulophia,penduliflora
1381,subfamily (A),,Epidendroideae,penduliflora
1382,genus (E),,Eulophia,pulchra
1382,subfamily (A),,Epidendroideae,pulchra
1383,subfamily (A),,Epidendroideae,ruwenzoriensis
1384,genus (E),,Eulophia,saxicola
1384,subfamily (A),,Epidendroideae,saxicola
1385,genus (E),,Eulophia,speciosa
1385,subfamily (A),,Epidendroideae,speciosa
1386,genus (E),,Eulophia,streptopetala
1386,subfamily (A),,Epidendroideae,streptopetala
1387,genus (E),,Eulophia,tenella
1387,subfamily (A),,Epidendroideae,tenella
1388,genus (E),,Eulophia,welwitschii
1388,subfamily (A),,Epidendroideae,welwitschii
1389,genus (E),,Eulophia,zeyheriana
1389,subfamily (A),,Epidendroideae,zeyheriana
1390,genus (E),,Eulophia,zollingeri
1390,subfamily (A),,Epidendroideae,zollingeri
1393,genus (E),,Geodorum,eulophioides
1393,subfamily (A),,Epidendroideae,eulophioides
1394,genus (E),,Geodorum,neocaledonicum
1394,subfamily (A),,Epidendroideae,neocaledonicum
1395,genus (E),,Geodorum,recurvum
1395,subfamily (A),,Epidendroideae,recurvum
1398,genus (E),,Oeceoclades,monophylla
1398,subfamily (A),,Epidendroideae,monophylla
1400,genus (E),,Aspasia,psitticina
1400,subfamily (A),,Epidendroideae,psitticina
1402,genus (E),,Brassia,ochroleuca
1402,subfamily (A),,Epidendroideae,ochroleuca
1404,genus (E),,Capanemia,carinata
1404,subfamily (A),,Epidendroideae,carinata
1405,genus (E),,Capanemia,gehrtii
1405,subfamily (A),,Epidendroideae,gehrtii
1406,genus (E),,Capanemia,micromeria
1406,subfamily (A),,Epidendroideae,micromeria
1407,genus (E),,Capanemia,superflua
1407,subfamily (A),,Epidendroideae,superflua
1408,genus (E),,Capanemia,thereziae
1408,subfamily (A),,Epidendroideae,thereziae
1410,genus (E),,Chytroglossa,marileoniae
1410,subfamily (A),,Epidendroideae,marileoniae
1413,genus (E),,Comparettia,equitans
1413,subfamily (A),,Epidendroideae,equitans
1414,genus (E),,Comparettia,falcata
1414,subfamily (A),,Epidendroideae,falcata
1417,genus (E),,Cyrtochilum,macranthum
1417,subfamily (A),,Epidendroideae,macranthum
1418,genus (E),,Cyrtochilum,meirax
1418,subfamily (A),,Epidendroideae,meirax
1421,genus (E),,Erycina,glossomystax
1421,subfamily (A),,Epidendroideae,glossomystax
1422,genus (E),,Erycina,pumilo
1422,subfamily (A),,Epidendroideae,pumilo
1423,genus (E),,Erycina,zamorensis
1423,subfamily (A),,Epidendroideae,zamorensis
1425,genus (E),,Gomesa,bifolia
1425,subfamily (A),,Epidendroideae,bifolia
1426,genus (E),,Gomesa,brieniana
1426,subfamily (A),,Epidendroideae,brieniana
1427,genus (E),,Gomesa,chrysostoma
1427,subfamily (A),,Epidendroideae,chrysostoma
1428,genus (E),,Gomesa,ciliata
1428,subfamily (A),,Epidendroideae,ciliata
1429,genus (E),,Gomesa,cornigera
1429,subfamily (A),,Epidendroideae,cornigera
1430,genus (E),,Gomesa,crispa
1430,subfamily (A),,Epidendroideae,crispa
1431,genus (E),,Gomesa,cruciata
1431,subfamily (A),,Epidendroideae,cruciata
1432,genus (E),,Gomesa,cuneata
1432,subfamily (A),,Epidendroideae,cuneata
1433,subfamily (A),,Epidendroideae,echinata
1434,genus (E),,Gomesa,flexuosa
1434,subfamily (A),,Epidendroideae,flexuosa
1435,genus (E),,Gomesa,forbesii
1435,subfamily (A),,Epidendroideae,forbesii
1436,genus (E),,Gomesa,glaziovii
1436,subfamily (A),,Epidendroideae,glaziovii
1437,genus (E),,Gomesa,gomesoides
1437,subfamily (A),,Epidendroideae,gomesoides
1438,genus (E),,Gomesa,gutfreundiana
1438,subfamily (A),,Epidendroideae,gutfreundiana
1439,genus (E),,Gomesa,herzogii
1439,subfamily (A),,Epidendroideae,herzogii
1440,genus (E),,Gomesa,hookeri
1440,subfamily (A),,Epidendroideae,hookeri
1441,genus (E),,Gomesa,imperatoris-maimilliani
1441,subfamily (A),,Epidendroideae,imperatoris-maimilliani
1442,genus (E),,Gomesa,jucunda
1442,subfamily (A),,Epidendroideae,jucunda
1443,subfamily (A),,Epidendroideae,kautskyi
1444,genus (E),,Gomesa,laxiflora
1444,subfamily (A),,Epidendroideae,laxiflora
1445,genus (E),,Gomesa,leinigii
1445,subfamily (A),,Epidendroideae,leinigii
1446,genus (E),,Gomesa,lietzei
1446,subfamily (A),,Epidendroideae,lietzei
1447,genus (E),,Gomesa,loefgrenii
1447,subfamily (A),,Epidendroideae,loefgrenii
1448,genus (E),,Gomesa,longicornu
1448,subfamily (A),,Epidendroideae,longicornu
1449,genus (E),,Gomesa,longipes
1449,subfamily (A),,Epidendroideae,longipes
1450,genus (E),,Gomesa,macropetala
1450,subfamily (A),,Epidendroideae,macropetala
1451,genus (E),,Gomesa,microphyta
1451,subfamily (A),,Epidendroideae,microphyta
1452,genus (E),,Gomesa,montana
1452,subfamily (A),,Epidendroideae,montana
1453,subfamily (A),,Epidendroideae,nitida
1454,genus (E),,Gomesa,pabstii
1454,subfamily (A),,Epidendroideae,pabstii
1455,genus (E),,Gomesa,paranensoides
1455,subfamily (A),,Epidendroideae,paranensoides
1456,genus (E),,Gomesa,praetexta
1456,subfamily (A),,Epidendroideae,praetexta
1457,genus (E),,Gomesa,pubes
1457,subfamily (A),,Epidendroideae,pubes
1458,genus (E),,Gomesa,pulchella
1458,subfamily (A),,Epidendroideae,pulchella
1459,genus (E),,Gomesa,radicans
1459,subfamily (A),,Epidendroideae,radicans
1460,genus (E),,Gomesa,ranifera
1460,subfamily (A),,Epidendroideae,ranifera
1461,genus (E),,Gomesa,recurva
1461,subfamily (A),,Epidendroideae,recurva
1462,genus (E),,Gomesa,riograndensis
1462,subfamily (A),,Epidendroideae,riograndensis
1463,subfamily (A),,Epidendroideae,sarcodes
1464,genus (E),,Gomesa,silvana
1464,subfamily (A),,Epidendroideae,silvana
1465,genus (E),,Gomesa,truncata
1465,subfamily (A),,Epidendroideae,truncata
1466,genus (E),,Gomesa,uhlii
1466,subfamily (A),,Epidendroideae,uhlii
1467,genus (E),,Gomesa,varicosa
1467,subfamily (A),,Epidendroideae,varicosa
1468,genus (E),,Gomesa,venusta
1468,subfamily (A),,Epidendroideae,venusta
1469,genus (E),,Gomesa,warmingii
1469,subfamily (A),,Epidendroideae,warmingii
1470,genus (E),,Gomesa,welteri
1470,subfamily (A),,Epidendroideae,welteri
1471,genus (E),,Gomesa,widgrenii
1471,subfamily (A),,Epidendroideae,widgrenii
1473,genus (E),,Grandiphyllum,hians
1473,subfamily (A),,Epidendroideae,hians
1474,genus (E),,Grandiphyllum,schunkeanum
1474,subfamily (A),,Epidendroideae,schunkeanum
1477,genus (E),,Ionopsis,utricularioides
1477,subfamily (A),,Epidendroideae,utricularioides
1479,genus (E),,Leochilus,puertoricensis
1479,subfamily (A),,Epidendroideae,puertoricensis
1480,genus (E),,Leochilus,scriptus
1480,subfamily (A),,Epidendroideae,scriptus
1482,genus (E),,Lockhartia,amoena
1482,subfamily (A),,Epidendroideae,amoena
1483,genus (E),,Lockhartia,bennettii
1483,subfamily (A),,Epidendroideae,bennettii
1484,genus (E),,Lockhartia,grandibracteata
1484,subfamily (A),,Epidendroideae,grandibracteata
1485,genus (E),,Lockhartia,hercodonta
1485,subfamily (A),,Epidendroideae,hercodonta
1486,genus (E),,Lockhartia,lepticaula
1486,subfamily (A),,Epidendroideae,lepticaula
1487,genus (E),,Lockhartia,lunifera
1487,subfamily (A),,Epidendroideae,lunifera
1488,genus (E),,Lockhartia,micrantha
1488,subfamily (A),,Epidendroideae,micrantha
1489,genus (E),,Lockhartia,niesseniae
1489,subfamily (A),,Epidendroideae,niesseniae
1490,subfamily (A),,Epidendroideae,obtusata
1491,genus (E),,Lockhartia,oerstedii
1491,subfamily (A),,Epidendroideae,oerstedii
1492,genus (E),,Lockhartia,serra
1492,subfamily (A),,Epidendroideae,serra
1493,genus (E),,Lockhartia,verrucosa
1493,subfamily (A),,Epidendroideae,verrucosa
1495,genus (E),,Macradenia,paraensis
1495,subfamily (A),,Epidendroideae,paraensis
1497,genus (E),,Macroclinium,xyphophorus
1497,subfamily (A),,Epidendroideae,xyphophorus
1500,genus (E),,Notylia,barkeri
1500,subfamily (A),,Epidendroideae,barkeri
1501,genus (E),,Notylia,buchtienii
1501,subfamily (A),,Epidendroideae,buchtienii
1502,genus (E),,Notylia,latilabia
1502,subfamily (A),,Epidendroideae,latilabia
1503,genus (E),,Notylia,linearis
1503,subfamily (A),,Epidendroideae,linearis
1504,genus (E),,Notylia,longispicata
1504,subfamily (A),,Epidendroideae,longispicata
1505,genus (E),,Notylia,lyrata
1505,subfamily (A),,Epidendroideae,lyrata
1506,genus (E),,Notylia,microchila
1506,subfamily (A),,Epidendroideae,microchila
1507,genus (E),,Notylia,nemorosa
1507,subfamily (A),,Epidendroideae,nemorosa
1508,subfamily (A),,Epidendroideae,obicularis
1509,genus (E),,Notylia,pentachne
1509,subfamily (A),,Epidendroideae,pentachne
1510,genus (E),,Notylia,sagittifera
1510,subfamily (A),,Epidendroideae,sagittifera
1511,genus (E),,Notylia,simplex
1511,subfamily (A),,Epidendroideae,simplex
1512,genus (E),,Notylia,trisepala
1512,subfamily (A),,Epidendroideae,trisepala
1514,genus (E),,Oncidium,amazonicum
1514,subfamily (A),,Epidendroideae,amazonicum
1515,genus (E),,Oncidium,cheirophorum
1515,subfamily (A),,Epidendroideae,cheirophorum
1516,genus (E),,Oncidium,excavatum
1516,subfamily (A),,Epidendroideae,excavatum
1517,genus (E),,Oncidium,fuscatum
1517,subfamily (A),,Epidendroideae,fuscatum
1518,genus (E),,Oncidium,heteranthum
1518,subfamily (A),,Epidendroideae,heteranthum
1519,genus (E),,Oncidium,hyphaematicum
1519,subfamily (A),,Epidendroideae,hyphaematicum
1520,genus (E),,Oncidium,iricolor
1520,subfamily (A),,Epidendroideae,iricolor
1521,genus (E),,Oncidium,kautskyi
1521,subfamily (A),,Epidendroideae,kautskyi
1522,subfamily (A),,Epidendroideae,kegeljani
1523,genus (E),,Oncidium,klotzschiannum
1523,subfamily (A),,Epidendroideae,klotzschiannum
1524,genus (E),,Oncidium,marinii
1524,subfamily (A),,Epidendroideae,marinii
1525,genus (E),,Oncidium,ornithorhynchum
1525,subfamily (A),,Epidendroideae,ornithorhynchum
1526,genus (E),,Oncidium,oxyceras
1526,subfamily (A),,Epidendroideae,oxyceras
1527,genus (E),,Oncidium,picturatissimum
1527,subfamily (A),,Epidendroideae,picturatissimum
1528,genus (E),,Oncidium,planilabre
1528,subfamily (A),,Epidendroideae,planilabre
1529,genus (E),,Oncidium,poikilostalix
1529,subfamily (A),,Epidendroideae,poikilostalix
1530,genus (E),,Oncidium,portillae
1530,subfamily (A),,Epidendroideae,portillae
1531,genus (E),,Oncidium,roseoides
1531,subfamily (A),,Epidendroideae,roseoides
1532,subfamily (A),,Epidendroideae,sphacelatum
1533,genus (E),,Oncidium,strictum
1533,subfamily (A),,Epidendroideae,strictum
1534,genus (E),,Oncidium,vulcanicum
1534,subfamily (A),,Epidendroideae,vulcanicum
1536,genus (E),,Ornithocephalus,ciliatus
1536,subfamily (A),,Epidendroideae,ciliatus
1537,genus (E),,Ornithocephalus,cochleariformis
1537,subfamily (A),,Epidendroideae,cochleariformis
1538,genus (E),,Ornithocephalus,gladiatus
1538,subfamily (A),,Epidendroideae,gladiatus
1539,genus (E),,Ornithocephalus,inflexus
1539,subfamily (A),,Epidendroideae,inflexus
1540,genus (E),,Ornithocephalus,lankesteri
1540,subfamily (A),,Epidendroideae,lankesteri
1541,genus (E),,Ornithocephalus,myrticola
1541,subfamily (A),,Epidendroideae,myrticola
1542,genus (E),,Ornithocephalus,cf. patentilobus
1542,subfamily (A),,Epidendroideae,cf. patentilobus
1543,genus (E),,Ornithocephalus,powellii
1543,subfamily (A),,Epidendroideae,powellii
1545,genus (E),,Phymatidium,falcifolium
1545,subfamily (A),,Epidendroideae,falcifolium
1548,genus (E),,Rodriguezia,batemanii
1548,subfamily (A),,Epidendroideae,batemanii
1549,genus (E),,Rodriguezia,bracteata
1549,subfamily (A),,Epidendroideae,bracteata
1550,genus (E),,Rodriguezia,compacta
1550,subfamily (A),,Epidendroideae,compacta
1551,genus (E),,Rodriguezia,decora
1551,subfamily (A),,Epidendroideae,decora
1552,genus (E),,Rodriguezia,granadensis
1552,subfamily (A),,Epidendroideae,granadensis
1553,genus (E),,Rodriguezia,lanceolata
1553,subfamily (A),,Epidendroideae,lanceolata
1554,genus (E),,Rodriguezia,leeana
1554,subfamily (A),,Epidendroideae,leeana
1555,genus (E),,Rodriguezia,secunda
1555,subfamily (A),,Epidendroideae,secunda
1556,subfamily (A),,Epidendroideae,venusta
1558,genus (E),,Rossioglossum,oerstedii
1558,subfamily (A),,Epidendroideae,oerstedii
1560,genus (E),,Rudolfiella,picta
1560,subfamily (A),,Epidendroideae,picta
1562,genus (E),,Telipogon,selbyanus
1562,subfamily (A),,Epidendroideae,selbyanus
1564,genus (E),,Tolumnia,compressicaulis
1564,subfamily (A),,Epidendroideae,compressicaulis
1565,genus (E),,Tolumnia,guianensis
1565,subfamily (A),,Epidendroideae,guianensis
1566,genus (E),,Tolumnia,guibertiana
1566,subfamily (A),,Epidendroideae,guibertiana
1567,genus (E),,Tolumnia,haitiensis
1567,subfamily (A),,Epidendroideae,haitiensis
1568,genus (E),,Tolumnia,henekenii
1568,subfamily (A),,Epidendroideae,henekenii
1569,genus (E),,Tolumnia,lucayana
1569,subfamily (A),,Epidendroideae,lucayana
1570,genus (E),,Tolumnia,quadriloba
1570,subfamily (A),,Epidendroideae,quadriloba
1571,genus (E),,Tolumnia,variegata
1571,subfamily (A),,Epidendroideae,variegata
1573,genus (E),,Trichocentrum,andrewsiae
1573,subfamily (A),,Epidendroideae,andrewsiae
1574,genus (E),,Trichocentrum,ascendens
1574,subfamily (A),,Epidendroideae,ascendens
1575,genus (E),,Trichocentrum,caloceras
1575,subfamily (A),,Epidendroideae,caloceras
1576,genus (E),,Trichocentrum,candidum
1576,subfamily (A),,Epidendroideae,candidum
1577,genus (E),,Trichocentrum,capistratum
1577,subfamily (A),,Epidendroideae,capistratum
1578,genus (E),,Trichocentrum,cavendishianum
1578,subfamily (A),,Epidendroideae,cavendishianum
1579,genus (E),,Trichocentrum,cebolleta
1579,subfamily (A),,Epidendroideae,cebolleta
1580,genus (E),,Trichocentrum,jonesianum
1580,subfamily (A),,Epidendroideae,jonesianum
1581,subfamily (A),,Epidendroideae,lanceanum
1582,genus (E),,Trichocentrum,lacerum
1582,subfamily (A),,Epidendroideae,lacerum
1583,genus (E),,Trichocentrum,luridum
1583,subfamily (A),,Epidendroideae,luridum
1584,genus (E),,Trichocentrum,microchilum
1584,subfamily (A),,Epidendroideae,microchilum
1585,genus (E),,Trichocentrum,oerstedii
1585,subfamily (A),,Epidendroideae,oerstedii
1586,genus (E),,Trichocentrum,oestlundianum
1586,subfamily (A),,Epidendroideae,oestlundianum
1587,genus (E),,Trichocentrum,pumilum
1587,subfamily (A),,Epidendroideae,pumilum
1588,genus (E),,Trichocentrum,stipitatum
1588,subfamily (A),,Epidendroideae,stipitatum
1589,genus (E),,Trichocentrum,tigrinum
1589,subfamily (A),,Epidendroideae,tigrinum
1592,genus (E),,Trichopilia,leucoxantha
1592,subfamily (A),,Epidendroideae,leucoxantha
1593,genus (E),,Trichopilia,maculata
1593,subfamily (A),,Epidendroideae,maculata
1594,genus (E),,Trichopilia,rostrata
1594,subfamily (A),,Epidendroideae,rostrata
1595,genus (E),,Trichopilia,subulata
1595,subfamily (A),,Epidendroideae,subulata
1599,genus (E),,Warmingia,zamoranae
1599,subfamily (A),,Epidendroideae,zamoranae
1602,genus (E),,Zygostates,bradei
1602,subfamily (A),,Epidendroideae,bradei
1603,genus (E),,Zygostates,grandiflora
1603,subfamily (A),,Epidendroideae,grandiflora
1604,genus (E),,Zygostates,lunata
1604,subfamily (A),,Epidendroideae,lunata
1606,genus (E),,Catasetum,atratum
1606,subfamily (A),,Epidendroideae,atratum
1607,genus (E),,Catasetum,barbatum
1607,subfamily (A),,Epidendroideae,barbatum
1608,genus (E),,Catasetum,bicolor
1608,subfamily (A),,Epidendroideae,bicolor
1609,genus (E),,Catasetum,cernuum
1609,subfamily (A),,Epidendroideae,cernuum
1610,genus (E),,Catasetum,complanatum
1610,subfamily (A),,Epidendroideae,complanatum
1611,genus (E),,Catasetum,confusum
1611,subfamily (A),,Epidendroideae,confusum
1612,genus (E),,Catasetum,costatum
1612,subfamily (A),,Epidendroideae,costatum
1613,genus (E),,Catasetum,denticulatum
1613,subfamily (A),,Epidendroideae,denticulatum
1614,subfamily (A),,Epidendroideae,discolor
1615,genus (E),,Catasetum,expansum
1615,subfamily (A),,Epidendroideae,expansum
1616,genus (E),,Catasetum,ferox
1616,subfamily (A),,Epidendroideae,ferox
1617,genus (E),,Catasetum,fimbriatum
1617,subfamily (A),,Epidendroideae,fimbriatum
1618,genus (E),,Catasetum,fragrans
1618,subfamily (A),,Epidendroideae,fragrans
1619,genus (E),,Catasetum,galeritum
1619,subfamily (A),,Epidendroideae,galeritum
1620,genus (E),,Catasetum,gladiatorium
1620,subfamily (A),,Epidendroideae,gladiatorium
1621,genus (E),,Catasetum,globiflorum
1621,subfamily (A),,Epidendroideae,globiflorum
1622,genus (E),,Catasetum,hookeri
1622,subfamily (A),,Epidendroideae,hookeri
1623,genus (E),,Catasetum,hopkinsonianum
1623,subfamily (A),,Epidendroideae,hopkinsonianum
1624,subfamily (A),,Epidendroideae,incurvum
1625,genus (E),,Catasetum,integerrimum
1625,subfamily (A),,Epidendroideae,integerrimum
1626,genus (E),,Catasetum,juruenense
1626,subfamily (A),,Epidendroideae,juruenense
1627,genus (E),,Catasetum,laminatum
1627,subfamily (A),,Epidendroideae,laminatum
1628,genus (E),,Catasetum,longifolium
1628,subfamily (A),,Epidendroideae,longifolium
1629,genus (E),,Catasetum,luridum
1629,subfamily (A),,Epidendroideae,luridum
1630,genus (E),,Catasetum,macrocarpum
1630,subfamily (A),,Epidendroideae,macrocarpum
1631,genus (E),,Catasetum,macroglossum
1631,subfamily (A),,Epidendroideae,macroglossum
1632,genus (E),,Catasetum,maculatum
1632,subfamily (A),,Epidendroideae,maculatum
1633,genus (E),,Catasetum,maranhense
1633,subfamily (A),,Epidendroideae,maranhense
1634,subfamily (A),,Epidendroideae,ochraceum
1635,genus (E),,Catasetum,osculatum
1635,subfamily (A),,Epidendroideae,osculatum
1636,genus (E),,Catasetum,parguazense
1636,subfamily (A),,Epidendroideae,parguazense
1637,genus (E),,Catasetum,pendulum
1637,subfamily (A),,Epidendroideae,pendulum
1638,genus (E),,Catasetum,pileatum
1638,subfamily (A),,Epidendroideae,pileatum
1639,genus (E),,Catasetum,planiceps
1639,subfamily (A),,Epidendroideae,planiceps
1640,genus (E),,Catasetum,pulchrum
1640,subfamily (A),,Epidendroideae,pulchrum
1641,genus (E),,Catasetum,purum
1641,subfamily (A),,Epidendroideae,purum
1642,genus (E),,Catasetum,reichenbachianum
1642,subfamily (A),,Epidendroideae,reichenbachianum
1643,genus (E),,Catasetum,rondonense
1643,subfamily (A),,Epidendroideae,rondonense
1644,subfamily (A),,Epidendroideae,saccatum
1645,genus (E),,Catasetum,sanguineum
1645,subfamily (A),,Epidendroideae,sanguineum
1646,genus (E),,Catasetum,schmidtianum
1646,subfamily (A),,Epidendroideae,schmidtianum
1647,genus (E),,Catasetum,schunkei
1647,subfamily (A),,Epidendroideae,schunkei
1648,genus (E),,Catasetum,semicirculatum
1648,subfamily (A),,Epidendroideae,semicirculatum
1649,genus (E),,Catasetum,socco
1649,subfamily (A),,Epidendroideae,socco
1650,genus (E),,Catasetum,tabulare
1650,subfamily (A),,Epidendroideae,tabulare
1651,genus (E),,Catasetum,tenebrosum
1651,subfamily (A),,Epidendroideae,tenebrosum
1652,genus (E),,Catasetum,thompsonii
1652,subfamily (A),,Epidendroideae,thompsonii
1653,genus (E),,Catasetum,trulla
1653,subfamily (A),,Epidendroideae,trulla
1654,subfamily (A),,Epidendroideae,uncatum
1655,genus (E),,Catasetum,viridiflavum
1655,subfamily (A),,Epidendroideae,viridiflavum
1657,genus (E),,Clowesia,dodsoniana
1657,subfamily (A),,Epidendroideae,dodsoniana
1658,genus (E),,Clowesia,glaucoglossa
1658,subfamily (A),,Epidendroideae,glaucoglossa
1659,genus (E),,Clowesia,russelliana
1659,subfamily (A),,Epidendroideae,russelliana
1660,genus (E),,Clowesia,scurra
1660,subfamily (A),,Epidendroideae,scurra
1661,genus (E),,Clowesia,thylaciochila
1661,subfamily (A),,Epidendroideae,thylaciochila
1662,genus (E),,Clowesia,warczewitzii
1662,subfamily (A),,Epidendroideae,warczewitzii
1664,genus (E),,Cyanaeorchis,minor
1664,subfamily (A),,Epidendroideae,minor
1665,genus (E),,Cyanaeorchis,praetermissa
1665,subfamily (A),,Epidendroideae,praetermissa
1667,genus (E),,Cycnoches,chlorochilon
1667,subfamily (A),,Epidendroideae,chlorochilon
1668,genus (E),,Cycnoches,dianae
1668,subfamily (A),,Epidendroideae,dianae
1669,genus (E),,Cycnoches,ergotonianum
1669,subfamily (A),,Epidendroideae,ergotonianum
1670,genus (E),,Cycnoches,guttulatum
1670,subfamily (A),,Epidendroideae,guttulatum
1671,genus (E),,Cycnoches,haagii
1671,subfamily (A),,Epidendroideae,haagii
1672,genus (E),,Cycnoches,lehmannii
1672,subfamily (A),,Epidendroideae,lehmannii
1673,genus (E),,Cycnoches,loddigesii
1673,subfamily (A),,Epidendroideae,loddigesii
1674,genus (E),,Cycnoches,maculatum
1674,subfamily (A),,Epidendroideae,maculatum
1675,subfamily (A),,Epidendroideae,pentadactylon
1676,genus (E),,Cycnoches,peruviana
1676,subfamily (A),,Epidendroideae,peruviana
1677,genus (E),,Cycnoches,ventricosum
1677,subfamily (A),,Epidendroideae,ventricosum
1678,genus (E),,Cycnoches,warszewiczii
1678,subfamily (A),,Epidendroideae,warszewiczii
1680,genus (E),,Dressleria,eburnea
1680,subfamily (A),,Epidendroideae,eburnea
1681,genus (E),,Dressleria,helleri
1681,subfamily (A),,Epidendroideae,helleri
1682,genus (E),,Dressleria,kerryae
1682,subfamily (A),,Epidendroideae,kerryae
1683,genus (E),,Dressleria,suavis
1683,subfamily (A),,Epidendroideae,suavis
1685,genus (E),,Galeandra,macroplectra
1685,subfamily (A),,Epidendroideae,macroplectra
1686,genus (E),,Galeandra,magnicolumna
1686,subfamily (A),,Epidendroideae,magnicolumna
1688,genus (E),,Grobya,galeata
1688,subfamily (A),,Epidendroideae,galeata
1690,genus (E),,Mormodes,buccinator
1690,subfamily (A),,Epidendroideae,buccinator
1691,genus (E),,Mormodes,cartonii
1691,subfamily (A),,Epidendroideae,cartonii
1692,genus (E),,Mormodes,colossus
1692,subfamily (A),,Epidendroideae,colossus
1693,genus (E),,Mormodes,flavida
1693,subfamily (A),,Epidendroideae,flavida
1694,genus (E),,Mormodes,ignea
1694,subfamily (A),,Epidendroideae,ignea
1695,genus (E),,Mormodes,lineata
1695,subfamily (A),,Epidendroideae,lineata
1696,genus (E),,Mormodes,maculata
1696,subfamily (A),,Epidendroideae,maculata
1697,genus (E),,Mormodes,pardalinata
1697,subfamily (A),,Epidendroideae,pardalinata
1698,subfamily (A),,Epidendroideae,powellii
1699,genus (E),,Mormodes,tuxtlensis
1699,subfamily (A),,Epidendroideae,tuxtlensis
1700,genus (E),,Mormodes,uncia
1700,subfamily (A),,Epidendroideae,uncia
1701,genus (E),,Mormodes,vernixium
1701,subfamily (A),,Epidendroideae,vernixium
1705,genus (E),,Peristeria,lindenii
1705,subfamily (A),,Epidendroideae,lindenii
1706,genus (E),,Peristeria,pendula
1706,subfamily (A),,Epidendroideae,pendula
1708,genus (E),,Cyrtopodium,flavum
1708,subfamily (A),,Epidendroideae,flavum
1709,genus (E),,Cyrtopodium,hatchbachii
1709,subfamily (A),,Epidendroideae,hatchbachii
1710,genus (E),,Cyrtopodium,paludocolum
1710,subfamily (A),,Epidendroideae,paludocolum
1711,genus (E),,Cyrtopodium,polyphyllum
1711,subfamily (A),,Epidendroideae,polyphyllum
1712,genus (E),,Cyrtopodium,punctatum
1712,subfamily (A),,Epidendroideae,punctatum
1714,genus (E),,Anguloa,hohenlobii
1714,subfamily (A),,Epidendroideae,hohenlobii
1716,genus (E),,Bifrenaria,harrisoniae
1716,subfamily (A),,Epidendroideae,harrisoniae
1717,genus (E),,Bifrenaria,tyrianthina
1717,subfamily (A),,Epidendroideae,tyrianthina
1719,genus (E),,Brasiliorchis,chrysantha
1719,subfamily (A),,Epidendroideae,chrysantha
1720,genus (E),,Brasiliorchis,humilus
1720,subfamily (A),,Epidendroideae,humilus
1721,genus (E),,Brasiliorchis,kautskyi
1721,subfamily (A),,Epidendroideae,kautskyi
1722,genus (E),,Brasiliorchis,marginata
1722,subfamily (A),,Epidendroideae,marginata
1723,genus (E),,Brasiliorchis,phoenicanthera
1723,subfamily (A),,Epidendroideae,phoenicanthera
1724,genus (E),,Brasiliorchis,picta
1724,subfamily (A),,Epidendroideae,picta
1725,genus (E),,Brasiliorchis,prophyrostele
1725,subfamily (A),,Epidendroideae,prophyrostele
1726,genus (E),,Brasiliorchis,schunkeana
1726,subfamily (A),,Epidendroideae,schunkeana
1727,subfamily (A),,Epidendroideae,ubatubana
1729,genus (E),,Camaridium,densum
1729,subfamily (A),,Epidendroideae,densum
1730,genus (E),,Camaridium,cucullatum
1730,subfamily (A),,Epidendroideae,cucullatum
1731,genus (E),,Camaridium,hematoglossum
1731,subfamily (A),,Epidendroideae,hematoglossum
1732,genus (E),,Camaridium,humulis
1732,subfamily (A),,Epidendroideae,humulis
1733,genus (E),,Camaridium,imbricatum
1733,subfamily (A),,Epidendroideae,imbricatum
1734,genus (E),,Camaridium,lutheri
1734,subfamily (A),,Epidendroideae,lutheri
1735,genus (E),,Camaridium,obscurum
1735,subfamily (A),,Epidendroideae,obscurum
1736,genus (E),,Camaridium,ochroleucum
1736,subfamily (A),,Epidendroideae,ochroleucum
1737,subfamily (A),,Epidendroideae,meleagris
1738,genus (E),,Camaridium,micranthum
1738,subfamily (A),,Epidendroideae,micranthum
1739,genus (E),,Camaridium,sigmoideum
1739,subfamily (A),,Epidendroideae,sigmoideum
1741,genus (E),,Christensonella,ferdinandiana
1741,subfamily (A),,Epidendroideae,ferdinandiana
1742,genus (E),,Christensonella,mosenii
1742,subfamily (A),,Epidendroideae,mosenii
1743,genus (E),,Christensonella,paranaensis
1743,subfamily (A),,Epidendroideae,paranaensis
1744,genus (E),,Christensonella,pumila
1744,subfamily (A),,Epidendroideae,pumila
1745,genus (E),,Christensonella,uncata
1745,subfamily (A),,Epidendroideae,uncata
1747,genus (E),,Cryptocentrum,gracillimum
1747,subfamily (A),,Epidendroideae,gracillimum
1748,genus (E),,Cryptocentrum,peruvianum
1748,subfamily (A),,Epidendroideae,peruvianum
1749,genus (E),,Cryptocentrum,standleyi
1749,subfamily (A),,Epidendroideae,standleyi
1751,genus (E),,Heterotaxis,discolor
1751,subfamily (A),,Epidendroideae,discolor
1752,genus (E),,Heterotaxis,equitans
1752,subfamily (A),,Epidendroideae,equitans
1753,genus (E),,Heterotaxis,sessilis
1753,subfamily (A),,Epidendroideae,sessilis
1754,genus (E),,Heterotaxis,superflua
1754,subfamily (A),,Epidendroideae,superflua
1755,genus (E),,Heterotaxis,valenzuelana
1755,subfamily (A),,Epidendroideae,valenzuelana
1756,genus (E),,Heterotaxis,villosa
1756,subfamily (A),,Epidendroideae,villosa
1757,genus (E),,Heterotaxis,violaceapunctata
1757,subfamily (A),,Epidendroideae,violaceapunctata
1760,genus (E),,Ida,fimbriata
1760,subfamily (A),,Epidendroideae,fimbriata
1761,genus (E),,Ida,heynderycxii
1761,subfamily (A),,Epidendroideae,heynderycxii
1762,genus (E),,Ida,locusta
1762,subfamily (A),,Epidendroideae,locusta
1764,genus (E),,Inti,chartacifolia
1764,subfamily (A),,Epidendroideae,chartacifolia
1766,genus (E),,Lycaste,bradeorum
1766,subfamily (A),,Epidendroideae,bradeorum
1767,genus (E),,Lycaste,bruncana
1767,subfamily (A),,Epidendroideae,bruncana
1768,genus (E),,Lycaste,ciliata
1768,subfamily (A),,Epidendroideae,ciliata
1769,genus (E),,Lycaste,consobrina
1769,subfamily (A),,Epidendroideae,consobrina
1770,genus (E),,Lycaste,powellii
1770,subfamily (A),,Epidendroideae,powellii
1771,genus (E),,Lycaste,xytriophora
1771,subfamily (A),,Epidendroideae,xytriophora
1773,genus (E),,Mapinguari,longipetiolatus
1773,subfamily (A),,Epidendroideae,longipetiolatus
1775,genus (E),,Maxillaria,buchtienii
1775,subfamily (A),,Epidendroideae,buchtienii
1776,genus (E),,Maxillaria,crocea
1776,subfamily (A),,Epidendroideae,crocea
1777,genus (E),,Maxillaria,dalessandroi
1777,subfamily (A),,Epidendroideae,dalessandroi
1778,genus (E),,Maxillaria,elegantula
1778,subfamily (A),,Epidendroideae,elegantula
1779,genus (E),,Maxillaria,fletcheriana
1779,subfamily (A),,Epidendroideae,fletcheriana
1780,genus (E),,Maxillaria,fucata
1780,subfamily (A),,Epidendroideae,fucata
1781,genus (E),,Maxillaria,fuerstenbergiana
1781,subfamily (A),,Epidendroideae,fuerstenbergiana
1782,genus (E),,Maxillaria,grandiflora
1782,subfamily (A),,Epidendroideae,grandiflora
1783,subfamily (A),,Epidendroideae,grandis
1784,genus (E),,Maxillaria,grayi
1784,subfamily (A),,Epidendroideae,grayi
1785,genus (E),,Maxillaria,hillsii
1785,subfamily (A),,Epidendroideae,hillsii
1786,genus (E),,Maxillaria,huebschii
1786,subfamily (A),,Epidendroideae,huebschii
1787,genus (E),,Maxillaria,irrorata
1787,subfamily (A),,Epidendroideae,irrorata
1788,genus (E),,Maxillaria,jenischiana
1788,subfamily (A),,Epidendroideae,jenischiana
1789,genus (E),,Maxillaria,juergensii
1789,subfamily (A),,Epidendroideae,juergensii
1790,genus (E),,Maxillaria,lehmannii
1790,subfamily (A),,Epidendroideae,lehmannii
1791,genus (E),,Maxillaria,lepidota
1791,subfamily (A),,Epidendroideae,lepidota
1792,genus (E),,Maxillaria,leucaimata
1792,subfamily (A),,Epidendroideae,leucaimata
1793,subfamily (A),,Epidendroideae,molitor
1794,genus (E),,Maxillaria,nutans
1794,subfamily (A),,Epidendroideae,nutans
1795,genus (E),,Maxillaria,ochroleuca
1795,subfamily (A),,Epidendroideae,ochroleuca
1796,genus (E),,Maxillaria,parkeri
1796,subfamily (A),,Epidendroideae,parkeri
1797,genus (E),,Maxillaria,reichenheimiana
1797,subfamily (A),,Epidendroideae,reichenheimiana
1798,genus (E),,Maxillaria,roseola
1798,subfamily (A),,Epidendroideae,roseola
1799,genus (E),,Maxillaria,sanderiana
1799,subfamily (A),,Epidendroideae,sanderiana
1800,genus (E),,Maxillaria,splendens
1800,subfamily (A),,Epidendroideae,splendens
1801,genus (E),,Maxillaria,striata
1801,subfamily (A),,Epidendroideae,striata
1802,genus (E),,Maxillaria,vitelliniflora
1802,subfamily (A),,Epidendroideae,vitelliniflora
1803,subfamily (A),,Epidendroideae,whittenii
1805,genus (E),,Maxillariella,anceps
1805,subfamily (A),,Epidendroideae,anceps
1806,genus (E),,Maxillariella,elatior
1806,subfamily (A),,Epidendroideae,elatior
1807,genus (E),,Maxillariella,prolifera
1807,subfamily (A),,Epidendroideae,prolifera
1808,genus (E),,Maxillariella,robusta
1808,subfamily (A),,Epidendroideae,robusta
1809,genus (E),,Maxillariella,sanguinea
1809,subfamily (A),,Epidendroideae,sanguinea
1810,genus (E),,Maxillariella,swartziana
1810,subfamily (A),,Epidendroideae,swartziana
1811,genus (E),,Maxillariella,variabilis
1811,subfamily (A),,Epidendroideae,variabilis
1812,genus (E),,Maxillariella,vulcanica
1812,subfamily (A),,Epidendroideae,vulcanica
1814,genus (E),,Mormolyca,chacoensis
1814,subfamily (A),,Epidendroideae,chacoensis
1815,genus (E),,Mormolyca,cleistogama
1815,subfamily (A),,Epidendroideae,cleistogama
1816,genus (E),,Mormolyca,pudica
1816,subfamily (A),,Epidendroideae,pudica
1817,genus (E),,Mormolyca,richii
1817,subfamily (A),,Epidendroideae,richii
1818,genus (E),,Mormolyca,ringens
1818,subfamily (A),,Epidendroideae,ringens
1819,genus (E),,Mormolyca,rufescens
1819,subfamily (A),,Epidendroideae,rufescens
1820,genus (E),,Mormolyca,tenuibulba
1820,subfamily (A),,Epidendroideae,tenuibulba
1821,genus (E),,Mormolyca,vanillosma
1821,subfamily (A),,Epidendroideae,vanillosma
1823,genus (E),,Nitidobulbon,nasutum
1823,subfamily (A),,Epidendroideae,nasutum
1824,genus (E),,Nitidobulbon,proboscideum
1824,subfamily (A),,Epidendroideae,proboscideum
1826,genus (E),,Ornithidium,aureum
1826,subfamily (A),,Epidendroideae,aureum
1827,genus (E),,Ornithidium,coccineum
1827,subfamily (A),,Epidendroideae,coccineum
1828,genus (E),,Ornithidium,fulgens
1828,subfamily (A),,Epidendroideae,fulgens
1829,genus (E),,Ornithidium,pendens
1829,subfamily (A),,Epidendroideae,pendens
1830,genus (E),,Ornithidium,rigidum
1830,subfamily (A),,Epidendroideae,rigidum
1831,genus (E),,Ornithidium,sophronitis
1831,subfamily (A),,Epidendroideae,sophronitis
1833,genus (E),,Rhetinantha,divaricata
1833,subfamily (A),,Epidendroideae,divaricata
1834,genus (E),,Rhetinantha,friedrichsthalii
1834,subfamily (A),,Epidendroideae,friedrichsthalii
1835,genus (E),,Rhetinantha,notylioglossa
1835,subfamily (A),,Epidendroideae,notylioglossa
1837,genus (E),,Scuticaria,steelei
1837,subfamily (A),,Epidendroideae,steelei
1840,genus (E),,Trigonidium,obtusum
1840,subfamily (A),,Epidendroideae,obtusum
1842,genus (E),,Xylobium,elongatum
1842,subfamily (A),,Epidendroideae,elongatum
1843,genus (E),,Xylobium,foveatum
1843,subfamily (A),,Epidendroideae,foveatum
1844,genus (E),,Xylobium,ornatum
1844,subfamily (A),,Epidendroideae,ornatum
1845,genus (E),,Xylobium,squalens
1845,subfamily (A),,Epidendroideae,squalens
1846,genus (E),,Xylobium,variegatum
1846,subfamily (A),,Epidendroideae,variegatum
1848,genus (E),,Acineta,chrysantha
1848,subfamily (A),,Epidendroideae,chrysantha
1849,genus (E),,Acineta,superba
1849,subfamily (A),,Epidendroideae,superba
1852,genus (E),,Cirrhaea,fuscolutea
1852,subfamily (A),,Epidendroideae,fuscolutea
1853,genus (E),,Cirrhaea,loddigesii
1853,subfamily (A),,Epidendroideae,loddigesii
1854,genus (E),,Cirrhaea,longiracemosa
1854,subfamily (A),,Epidendroideae,longiracemosa
1855,genus (E),,Cirrhaea,nasuta
1855,subfamily (A),,Epidendroideae,nasuta
1856,genus (E),,Cirrhaea,obtusata
1856,subfamily (A),,Epidendroideae,obtusata
1857,genus (E),,Cirrhaea,seidelii
1857,subfamily (A),,Epidendroideae,seidelii
1859,genus (E),,Coryanthes,bicalcarata
1859,subfamily (A),,Epidendroideae,bicalcarata
1860,genus (E),,Coryanthes,bruchmuelleri
1860,subfamily (A),,Epidendroideae,bruchmuelleri
1861,genus (E),,Coryanthes,cataniapoënsis
1861,subfamily (A),,Epidendroideae,cataniapoënsis
1862,genus (E),,Coryanthes,elegantium
1862,subfamily (A),,Epidendroideae,elegantium
1863,genus (E),,Coryanthes,flava
1863,subfamily (A),,Epidendroideae,flava
1864,genus (E),,Coryanthes,horichiana
1864,subfamily (A),,Epidendroideae,horichiana
1865,genus (E),,Coryanthes,hunteriana
1865,subfamily (A),,Epidendroideae,hunteriana
1866,genus (E),,Coryanthes,kaiseriana
1866,subfamily (A),,Epidendroideae,kaiseriana
1867,subfamily (A),,Epidendroideae,lafontainei
1868,genus (E),,Coryanthes,leucocorys
1868,subfamily (A),,Epidendroideae,leucocorys
1869,genus (E),,Coryanthes,macrantha
1869,subfamily (A),,Epidendroideae,macrantha
1870,genus (E),,Coryanthes,maculata
1870,subfamily (A),,Epidendroideae,maculata
1871,genus (E),,Coryanthes,maduroana
1871,subfamily (A),,Epidendroideae,maduroana
1872,genus (E),,Coryanthes,mastersiana
1872,subfamily (A),,Epidendroideae,mastersiana
1873,genus (E),,Coryanthes,panamensis
1873,subfamily (A),,Epidendroideae,panamensis
1874,genus (E),,Coryanthes,picturata
1874,subfamily (A),,Epidendroideae,picturata
1875,genus (E),,Coryanthes,rodriguezii
1875,subfamily (A),,Epidendroideae,rodriguezii
1876,genus (E),,Coryanthes,seegeri
1876,subfamily (A),,Epidendroideae,seegeri
1877,subfamily (A),,Epidendroideae,senghasiana
1878,genus (E),,Coryanthes,speciosa
1878,subfamily (A),,Epidendroideae,speciosa
1879,genus (E),,Coryanthes,thivii
1879,subfamily (A),,Epidendroideae,thivii
1880,genus (E),,Coryanthes,trifoliata
1880,subfamily (A),,Epidendroideae,trifoliata
1881,genus (E),,Coryanthes,vasquezii
1881,subfamily (A),,Epidendroideae,vasquezii
1882,genus (E),,Coryanthes,verrucolineata
1882,subfamily (A),,Epidendroideae,verrucolineata
1885,genus (E),,Gongora,aromatica
1885,subfamily (A),,Epidendroideae,aromatica
1886,genus (E),,Gongora,atropurpurea
1886,subfamily (A),,Epidendroideae,atropurpurea
1887,genus (E),,Gongora,bufonia
1887,subfamily (A),,Epidendroideae,bufonia
1888,genus (E),,Gongora,clavidora
1888,subfamily (A),,Epidendroideae,clavidora
1889,genus (E),,Gongora,fulva
1889,subfamily (A),,Epidendroideae,fulva
1890,genus (E),,Gongora,galeata
1890,subfamily (A),,Epidendroideae,galeata
1891,genus (E),,Gongora,galeottiana
1891,subfamily (A),,Epidendroideae,galeottiana
1892,genus (E),,Gongora,gibba
1892,subfamily (A),,Epidendroideae,gibba
1893,subfamily (A),,Epidendroideae,grossa
1894,genus (E),,Gongora,hirtzii
1894,subfamily (A),,Epidendroideae,hirtzii
1895,genus (E),,Gongora,horichiana
1895,subfamily (A),,Epidendroideae,horichiana
1896,genus (E),,Gongora,lagunae
1896,subfamily (A),,Epidendroideae,lagunae
1897,genus (E),,Gongora,maculata
1897,subfamily (A),,Epidendroideae,maculata
1898,genus (E),,Gongora,powellii
1898,subfamily (A),,Epidendroideae,powellii
1899,genus (E),,Gongora,quinquenervis
1899,subfamily (A),,Epidendroideae,quinquenervis
1900,genus (E),,Gongora,scaphephorus
1900,subfamily (A),,Epidendroideae,scaphephorus
1901,genus (E),,Gongora,tracyana
1901,subfamily (A),,Epidendroideae,tracyana
1902,genus (E),,Gongora,tricolor
1902,subfamily (A),,Epidendroideae,tricolor
1903,subfamily (A),,Epidendroideae,truncata
1904,genus (E),,Gongora,unicolor
1904,subfamily (A),,Epidendroideae,unicolor
1906,genus (E),,Houlletia,odoratissima
1906,subfamily (A),,Epidendroideae,odoratissima
1907,genus (E),,Houlletia,tigrina
1907,subfamily (A),,Epidendroideae,tigrina
1909,genus (E),,Kegeliella,houtteana
1909,subfamily (A),,Epidendroideae,houtteana
1910,genus (E),,Kegeliella,kupperi
1910,subfamily (A),,Epidendroideae,kupperi
1912,genus (E),,Lacaena,spectabilis
1912,subfamily (A),,Epidendroideae,spectabilis
1915,genus (E),,Paphinia,herrerae
1915,subfamily (A),,Epidendroideae,herrerae
1916,genus (E),,Paphinia,subclausa
1916,subfamily (A),,Epidendroideae,subclausa
1918,genus (E),,Polycycnis,gratiosa
1918,subfamily (A),,Epidendroideae,gratiosa
1919,genus (E),,Polycycnis,muscifera
1919,subfamily (A),,Epidendroideae,muscifera
1922,genus (E),,Sievekingia,fimbriata
1922,subfamily (A),,Epidendroideae,fimbriata
1923,genus (E),,Sievekingia,hirtzii
1923,subfamily (A),,Epidendroideae,hirtzii
1924,genus (E),,Sievekingia,jenmanii
1924,subfamily (A),,Epidendroideae,jenmanii
1925,genus (E),,Sievekingia,reichenbachiana
1925,subfamily (A),,Epidendroideae,reichenbachiana
1926,genus (E),,Sievekingia,rhonhofiae
1926,subfamily (A),,Epidendroideae,rhonhofiae
1927,genus (E),,Sievekingia,suavis
1927,subfamily (A),,Epidendroideae,suavis
1930,genus (E),,Stanhopea,annulata
1930,subfamily (A),,Epidendroideae,annulata
1931,genus (E),,Stanhopea,avicula
1931,subfamily (A),,Epidendroideae,avicula
1932,genus (E),,Stanhopea,candida
1932,subfamily (A),,Epidendroideae,candida
1933,genus (E),,Stanhopea,cirrhata
1933,subfamily (A),,Epidendroideae,cirrhata
1934,genus (E),,Stanhopea,connata
1934,subfamily (A),,Epidendroideae,connata
1935,genus (E),,Stanhopea,costaricensis
1935,subfamily (A),,Epidendroideae,costaricensis
1936,genus (E),,Stanhopea,dodsoniana
1936,subfamily (A),,Epidendroideae,dodsoniana
1937,genus (E),,Stanhopea,ecornuta
1937,subfamily (A),,Epidendroideae,ecornuta
1938,subfamily (A),,Epidendroideae,embreei
1939,genus (E),,Stanhopea,florida
1939,subfamily (A),,Epidendroideae,florida
1940,genus (E),,Stanhopea,frymirei
1940,subfamily (A),,Epidendroideae,frymirei
1941,genus (E),,Stanhopea,gibbosa
1941,subfamily (A),,Epidendroideae,gibbosa
1942,genus (E),,Stanhopea,grandiflora
1942,subfamily (A),,Epidendroideae,grandiflora
1943,genus (E),,Stanhopea,graveolens
1943,subfamily (A),,Epidendroideae,graveolens
1944,genus (E),,Stanhopea,hernandezii
1944,subfamily (A),,Epidendroideae,hernandezii
1945,genus (E),,Stanhopea,impressa
1945,subfamily (A),,Epidendroideae,impressa
1946,genus (E),,Stanhopea,intermedia
1946,subfamily (A),,Epidendroideae,intermedia
1947,genus (E),,Stanhopea,jenischiana
1947,subfamily (A),,Epidendroideae,jenischiana
1948,subfamily (A),,Epidendroideae,maculosa
1949,genus (E),,Stanhopea,martiana
1949,subfamily (A),,Epidendroideae,martiana
1950,genus (E),,Stanhopea,nigripes
1950,subfamily (A),,Epidendroideae,nigripes
1951,genus (E),,Stanhopea,novogaliciana
1951,subfamily (A),,Epidendroideae,novogaliciana
1952,genus (E),,Stanhopea,oculata
1952,subfamily (A),,Epidendroideae,oculata
1953,genus (E),,Stanhopea,panamensis
1953,subfamily (A),,Epidendroideae,panamensis
1954,genus (E),,Stanhopea,peruviana
1954,subfamily (A),,Epidendroideae,peruviana
1955,genus (E),,Stanhopea,pseudoradiosa
1955,subfamily (A),,Epidendroideae,pseudoradiosa
1956,genus (E),,Stanhopea,pulla
1956,subfamily (A),,Epidendroideae,pulla
1957,genus (E),,Stanhopea,radiosa
1957,subfamily (A),,Epidendroideae,radiosa
1958,subfamily (A),,Epidendroideae,reichenbachiana
1959,genus (E),,Stanhopea,ruckeri
1959,subfamily (A),,Epidendroideae,ruckeri
1960,genus (E),,Stanhopea,saccata
1960,subfamily (A),,Epidendroideae,saccata
1961,genus (E),,Stanhopea,tigrina
1961,subfamily (A),,Epidendroideae,tigrina
1962,genus (E),,Stanhopea,tricornis
1962,subfamily (A),,Epidendroideae,tricornis
1963,genus (E),,Stanhopea,wardii
1963,subfamily (A),,Epidendroideae,wardii
1964,genus (E),,Stanhopea,warscewicziana
1964,subfamily (A),,Epidendroideae,warscewicziana
1965,genus (E),,Stanhopea,whittenii
1965,subfamily (A),,Epidendroideae,whittenii
1966,genus (E),,Stanhopea,xytriophora
1966,subfamily (A),,Epidendroideae,xytriophora
1969,genus (E),,Batemannia,colleyi
1969,subfamily (A),,Epidendroideae,colleyi
1971,genus (E),,Benzingia,reichenbachiana
1971,subfamily (A),,Epidendroideae,reichenbachiana
1974,genus (E),,Chaubardiella,hirtzii
1974,subfamily (A),,Epidendroideae,hirtzii
1976,genus (E),,Chondroscaphe,embreei
1976,subfamily (A),,Epidendroideae,embreei
1978,genus (E),,Cochleanthes,flabelliformis
1978,subfamily (A),,Epidendroideae,flabelliformis
1980,genus (E),,Dichaea,andina
1980,subfamily (A),,Epidendroideae,andina
1981,genus (E),,Dichaea,auriculata
1981,subfamily (A),,Epidendroideae,auriculata
1982,genus (E),,Dichaea,cogniauxiana
1982,subfamily (A),,Epidendroideae,cogniauxiana
1983,genus (E),,Dichaea,glauca
1983,subfamily (A),,Epidendroideae,glauca
1984,genus (E),,Dichaea,hystricina
1984,subfamily (A),,Epidendroideae,hystricina
1985,genus (E),,Dichaea,latifolia
1985,subfamily (A),,Epidendroideae,latifolia
1986,genus (E),,Dichaea,panamensis
1986,subfamily (A),,Epidendroideae,panamensis
1987,genus (E),,Dichaea,parvilabris
1987,subfamily (A),,Epidendroideae,parvilabris
1988,subfamily (A),,Epidendroideae,pendula
1989,genus (E),,Dichaea,potamophila
1989,subfamily (A),,Epidendroideae,potamophila
1991,genus (E),,Galeottia,fimbriata
1991,subfamily (A),,Epidendroideae,fimbriata
1992,genus (E),,Galeottia,grandiflora
1992,subfamily (A),,Epidendroideae,grandiflora
1993,genus (E),,Galeottia,negrensis
1993,subfamily (A),,Epidendroideae,negrensis
1996,genus (E),,Kefersteinia,costaricensis
1996,subfamily (A),,Epidendroideae,costaricensis
1997,genus (E),,Kefersteinia,graminea
1997,subfamily (A),,Epidendroideae,graminea
1998,genus (E),,Kefersteinia,lactea
1998,subfamily (A),,Epidendroideae,lactea
1999,genus (E),,Kefersteinia,lojae
1999,subfamily (A),,Epidendroideae,lojae
2000,genus (E),,Kefersteinia,parvilabris
2000,subfamily (A),,Epidendroideae,parvilabris
2001,genus (E),,Kefersteinia,tolimensis
2001,subfamily (A),,Epidendroideae,tolimensis
2004,genus (E),,Pescatoria,lehmannii
2004,subfamily (A),,Epidendroideae,lehmannii
2005,genus (E),,Pescatoria,wallisii
2005,subfamily (A),,Epidendroideae,wallisii
2009,genus (E),,Warczewiczella,marginata
2009,subfamily (A),,Epidendroideae,marginata
2012,genus (E),,Zygopetalum,maculatum
2012,subfamily (A),,Epidendroideae,maculatum
2013,genus (E),,Zygopetalum,mackayi
2013,subfamily (A),,Epidendroideae,mackayi
2014,genus (E),,Zygopetalum,maxillare
2014,subfamily (A),,Epidendroideae,maxillare
2015,genus (E),,Zygopetalum,triste
2015,subfamily (A),,Epidendroideae,triste
2020,genus (E),,Chloraea,bletioides
2020,subfamily (A),,Orchidoideae,bletioides
2021,genus (E),,Chloraea,chrysantha
2021,subfamily (A),,Orchidoideae,chrysantha
2022,genus (E),,Chloraea,crispa
2022,subfamily (A),,Orchidoideae,crispa
2023,genus (E),,Chloraea,fonkii
2023,subfamily (A),,Orchidoideae,fonkii
2024,genus (E),,Chloraea,galeata
2024,subfamily (A),,Orchidoideae,galeata
2025,genus (E),,Chloraea,gavilu
2025,subfamily (A),,Orchidoideae,gavilu
2026,genus (E),,Chloraea,lamellata
2026,subfamily (A),,Orchidoideae,lamellata
2027,genus (E),,Chloraea,membranacea
2027,subfamily (A),,Orchidoideae,membranacea
2028,subfamily (A),,Orchidoideae,multiflora
2029,genus (E),,Chloraea,philippii
2029,subfamily (A),,Orchidoideae,philippii
2030,genus (E),,Chloraea,virescens
2030,subfamily (A),,Orchidoideae,virescens
2032,genus (E),,Gavilea,glandulifera
2032,subfamily (A),,Orchidoideae,glandulifera
2033,genus (E),,Gavilea,lutea
2033,subfamily (A),,Orchidoideae,lutea
2034,genus (E),,Gavilea,venosa
2034,subfamily (A),,Orchidoideae,venosa
2036,genus (E),,Codonorchis,lessonii
2036,subfamily (A),,Orchidoideae,lessonii
2040,genus (E),,Cranichis,muscosa
2040,subfamily (A),,Orchidoideae,muscosa
2044,genus (E),,Ponthieva,racemosa
2044,subfamily (A),,Orchidoideae,racemosa
2046,genus (E),,Prescottia,plantaginifolia
2046,subfamily (A),,Orchidoideae,plantaginifolia
2047,genus (E),,Prescottia,stachyodes
2047,subfamily (A),,Orchidoideae,stachyodes
2049,subfamily (A),,Orchidoideae,yatesiae
2051,genus (E),,Aspidogyne,longicornu
2051,subfamily (A),,Orchidoideae,longicornu
2053,genus (E),,Cheirostylis,notialis
2053,subfamily (A),,Orchidoideae,notialis
2054,genus (E),,Cheirostylis,nuda
2054,subfamily (A),,Orchidoideae,nuda
2055,genus (E),,Cheirostylis,takeoi
2055,subfamily (A),,Orchidoideae,takeoi
2059,genus (E),,Erythrodes,parvula
2059,subfamily (A),,Orchidoideae,parvula
2061,subfamily (A),,Orchidoideae,henryi
2062,subfamily (A),,Orchidoideae,inmeghema
2063,subfamily (A),,Orchidoideae,oblongifolia
2064,subfamily (A),,Orchidoideae,procera
2065,subfamily (A),,Orchidoideae,pubescens
2066,subfamily (A),,Orchidoideae,repens
2067,subfamily (A),,Orchidoideae,rubicunda
2068,subfamily (A),,Orchidoideae,similis
2069,subfamily (A),,Orchidoideae,striata
2070,subfamily (A),,Orchidoideae,tesselata
2077,genus (E),,Microchilus,familiaris
2077,subfamily (A),,Orchidoideae,familiaris
2078,genus (E),,Microchilus,hirtellus
2078,subfamily (A),,Orchidoideae,hirtellus
2079,genus (E),,Microchilus,plantagineus
2079,subfamily (A),,Orchidoideae,plantagineus
2092,subfamily (A),,Orchidoideae,aphylla
2093,subfamily (A),,Orchidoideae,basaltica
2094,subfamily (A),,Orchidoideae,boormanii
2095,subfamily (A),,Orchidoideae,cardiostigma
2096,subfamily (A),,Orchidoideae,curta
2097,subfamily (A),,Orchidoideae,cycnocephala
2098,subfamily (A),,Orchidoideae,despectans
2099,subfamily (A),,Orchidoideae,foliata
2100,subfamily (A),,Orchidoideae,grandiflora
2101,subfamily (A),,Orchidoideae,humilis
2102,subfamily (A),,Orchidoideae,irsoniana
2103,subfamily (A),,Orchidoideae,lustra
2104,subfamily (A),,Orchidoideae,nana
2105,subfamily (A),,Orchidoideae,nutans
2106,subfamily (A),,Orchidoideae,oliveri
2107,subfamily (A),,Orchidoideae,orbiculata
2108,subfamily (A),,Orchidoideae,oreophila
2109,subfamily (A),,Orchidoideae,parvifolia
2110,subfamily (A),,Orchidoideae,patens
2111,subfamily (A),,Orchidoideae,procera
2112,subfamily (A),,Orchidoideae,recurva
2113,subfamily (A),,Orchidoideae,sanguinea
2114,subfamily (A),,Orchidoideae,tunstallii
2115,subfamily (A),,Orchidoideae,venosa
2119,subfamily (A),,Orchidoideae,diversifolius
2120,subfamily (A),,Orchidoideae,dutrae
2121,subfamily (A),,Orchidoideae,elatus
2122,subfamily (A),,Orchidoideae,prasophyllum
2123,subfamily (A),,Orchidoideae,stenoglossus
2125,subfamily (A),,Orchidoideae,borealis
2126,subfamily (A),,Orchidoideae,cotyledon
2132,genus (E),,Pelexia,ekmanii
2132,subfamily (A),,Orchidoideae,ekmanii
2133,genus (E),,Pelexia,oestrifera
2133,subfamily (A),,Orchidoideae,oestrifera
2134,genus (E),,Pelexia,pteryganthum
2134,subfamily (A),,Orchidoideae,pteryganthum
2136,genus (E),,Pteroglossa,roseoalba
2136,subfamily (A),,Orchidoideae,roseoalba
2138,genus (E),,Sacoila,lanceolata
2138,subfamily (A),,Orchidoideae,lanceolata
2140,genus (E),,Sarcoglottis,fasciculata
2140,subfamily (A),,Orchidoideae,fasciculata
2141,genus (E),,Sarcoglottis,sceptrodes
2141,subfamily (A),,Orchidoideae,sceptrodes
2144,genus (E),,Schiedeella,llaveana
2144,subfamily (A),,Orchidoideae,llaveana
2145,genus (E),,Schiedeella,saltensis
2145,subfamily (A),,Orchidoideae,saltensis
2146,genus (E),,Schiedeella,trilineata
2146,subfamily (A),,Orchidoideae,trilineata
2148,genus (E),,Spiranthes,australis
2148,subfamily (A),,Orchidoideae,australis
2149,genus (E),,Spiranthes,casei
2149,subfamily (A),,Orchidoideae,casei
2150,genus (E),,Spiranthes,cernua
2150,subfamily (A),,Orchidoideae,cernua
2151,genus (E),,Spiranthes,diluvialis
2151,subfamily (A),,Orchidoideae,diluvialis
2152,genus (E),,Spiranthes,lacera
2152,subfamily (A),,Orchidoideae,lacera
2153,genus (E),,Spiranthes,laciniata
2153,subfamily (A),,Orchidoideae,laciniata
2154,genus (E),,Spiranthes,lucida
2154,subfamily (A),,Orchidoideae,lucida
2155,genus (E),,Spiranthes,magnicamporum
2155,subfamily (A),,Orchidoideae,magnicamporum
2156,subfamily (A),,Orchidoideae,ochraleuca
2157,genus (E),,Spiranthes,odorata
2157,subfamily (A),,Orchidoideae,odorata
2158,genus (E),,Spiranthes,ovalis
2158,subfamily (A),,Orchidoideae,ovalis
2159,genus (E),,Spiranthes,romanzoffiana
2159,subfamily (A),,Orchidoideae,romanzoffiana
2160,genus (E),,Spiranthes,sinensis
2160,subfamily (A),,Orchidoideae,sinensis
2161,genus (E),,Spiranthes,spiralis
2161,subfamily (A),,Orchidoideae,spiralis
2162,genus (E),,Spiranthes,tuberosa
2162,subfamily (A),,Orchidoideae,tuberosa
2163,genus (E),,Spiranthes,vernalis
2163,subfamily (A),,Orchidoideae,vernalis
2166,genus (E),,Acianthus,caudatus
2166,subfamily (A),,Orchidoideae,caudatus
2167,genus (E),,Acianthus,pusillus
2167,subfamily (A),,Orchidoideae,pusillus
2168,genus (E),,Acianthus,sinclairii
2168,subfamily (A),,Orchidoideae,sinclairii
2170,genus (E),,Corybas,cryptanthus
2170,subfamily (A),,Orchidoideae,cryptanthus
2171,genus (E),,Corybas,despectans
2171,subfamily (A),,Orchidoideae,despectans
2172,genus (E),,Corybas,diemenicus
2172,subfamily (A),,Orchidoideae,diemenicus
2173,genus (E),,Corybas,geminigibbus
2173,subfamily (A),,Orchidoideae,geminigibbus
2174,genus (E),,Corybas,incurvus
2174,subfamily (A),,Orchidoideae,incurvus
2175,genus (E),,Corybas,macranthus
2175,subfamily (A),,Orchidoideae,macranthus
2176,genus (E),,Corybas,oblongus
2176,subfamily (A),,Orchidoideae,oblongus
2177,genus (E),,Corybas,shanlinshiensis
2177,subfamily (A),,Orchidoideae,shanlinshiensis
2179,genus (E),,Cyrtostylis,oblonga
2179,subfamily (A),,Orchidoideae,oblonga
2180,genus (E),,Cyrtostylis,reniformis
2180,subfamily (A),,Orchidoideae,reniformis
2182,genus (E),,Stigmatodactylus,paradoxa
2182,subfamily (A),,Orchidoideae,paradoxa
2183,genus (E),,Stigmatodactylus,variegatus
2183,subfamily (A),,Orchidoideae,variegatus
2188,genus (E),,Caladenia,actensis
2188,subfamily (A),,Orchidoideae,actensis
2189,genus (E),,Caladenia,ambusta
2189,subfamily (A),,Orchidoideae,ambusta
2190,genus (E),,Caladenia,amnicola
2190,subfamily (A),,Orchidoideae,amnicola
2191,genus (E),,Caladenia,ampla
2191,subfamily (A),,Orchidoideae,ampla
2192,genus (E),,Caladenia,applanata
2192,subfamily (A),,Orchidoideae,applanata
2193,genus (E),,Caladenia,arenaria
2193,subfamily (A),,Orchidoideae,arenaria
2194,genus (E),,Caladenia,arenicola
2194,subfamily (A),,Orchidoideae,arenicola
2195,genus (E),,Caladenia,atrovespa
2195,subfamily (A),,Orchidoideae,atrovespa
2196,subfamily (A),,Orchidoideae,attingens
2197,genus (E),,Caladenia,aurantiaca
2197,subfamily (A),,Orchidoideae,aurantiaca
2198,genus (E),,Caladenia,aurulenta
2198,subfamily (A),,Orchidoideae,aurulenta
2199,genus (E),,Caladenia,australis
2199,subfamily (A),,Orchidoideae,australis
2200,genus (E),,Caladenia,barbarossa
2200,subfamily (A),,Orchidoideae,barbarossa
2201,genus (E),,Caladenia,barbarella
2201,subfamily (A),,Orchidoideae,barbarella
2202,genus (E),,Caladenia,bicalliata
2202,subfamily (A),,Orchidoideae,bicalliata
2203,genus (E),,Caladenia,brownii
2203,subfamily (A),,Orchidoideae,brownii
2204,genus (E),,Caladenia,calcicola
2204,subfamily (A),,Orchidoideae,calcicola
2205,genus (E),,Caladenia,cairnsiana
2205,subfamily (A),,Orchidoideae,cairnsiana
2206,subfamily (A),,Orchidoideae,cardiochila
2207,genus (E),,Caladenia,carnea
2207,subfamily (A),,Orchidoideae,carnea
2208,genus (E),,Caladenia,catenata
2208,subfamily (A),,Orchidoideae,catenata
2209,genus (E),,Caladenia,clavigera
2209,subfamily (A),,Orchidoideae,clavigera
2210,genus (E),,Caladenia,clavula
2210,subfamily (A),,Orchidoideae,clavula
2211,genus (E),,Caladenia,colorata
2211,subfamily (A),,Orchidoideae,colorata
2212,genus (E),,Caladenia,congesta
2212,subfamily (A),,Orchidoideae,congesta
2213,genus (E),,Caladenia,concinna
2213,subfamily (A),,Orchidoideae,concinna
2214,genus (E),,Caladenia,concolor
2214,subfamily (A),,Orchidoideae,concolor
2215,genus (E),,Caladenia,corynephora
2215,subfamily (A),,Orchidoideae,corynephora
2216,subfamily (A),,Orchidoideae,crebra
2217,genus (E),,Caladenia,crema
2217,subfamily (A),,Orchidoideae,crema
2218,genus (E),,Caladenia,cristata
2218,subfamily (A),,Orchidoideae,cristata
2219,genus (E),,Caladenia,cruciformis
2219,subfamily (A),,Orchidoideae,cruciformis
2220,genus (E),,Caladenia,cruscula
2220,subfamily (A),,Orchidoideae,cruscula
2221,genus (E),,Caladenia,decora
2221,subfamily (A),,Orchidoideae,decora
2222,genus (E),,Caladenia,discoidea
2222,subfamily (A),,Orchidoideae,discoidea
2223,genus (E),,Caladenia,douglasiorum
2223,subfamily (A),,Orchidoideae,douglasiorum
2224,genus (E),,Caladenia,doutchiae
2224,subfamily (A),,Orchidoideae,doutchiae
2225,genus (E),,Caladenia,drummondii
2225,subfamily (A),,Orchidoideae,drummondii
2226,subfamily (A),,Orchidoideae,ensata
2227,genus (E),,Caladenia,exstans
2227,subfamily (A),,Orchidoideae,exstans
2228,genus (E),,Caladenia,falcata
2228,subfamily (A),,Orchidoideae,falcata
2229,genus (E),,Caladenia,ferruguinea
2229,subfamily (A),,Orchidoideae,ferruguinea
2230,genus (E),,Caladenia,filamentosa
2230,subfamily (A),,Orchidoideae,filamentosa
2231,genus (E),,Caladenia,fitzgeraldii
2231,subfamily (A),,Orchidoideae,fitzgeraldii
2232,genus (E),,Caladenia,flava
2232,subfamily (A),,Orchidoideae,flava
2233,genus (E),,Caladenia,formosa
2233,subfamily (A),,Orchidoideae,formosa
2234,genus (E),,Caladenia,fragrantissima
2234,subfamily (A),,Orchidoideae,fragrantissima
2235,genus (E),,Caladenia,gardneri
2235,subfamily (A),,Orchidoideae,gardneri
2236,subfamily (A),,Orchidoideae,georgei
2237,genus (E),,Caladenia,gladiolata
2237,subfamily (A),,Orchidoideae,gladiolata
2238,genus (E),,Caladenia,granitora
2238,subfamily (A),,Orchidoideae,granitora
2239,genus (E),,Caladenia,hastata
2239,subfamily (A),,Orchidoideae,hastata
2240,genus (E),,Caladenia,hildae
2240,subfamily (A),,Orchidoideae,hildae
2241,genus (E),,Caladenia,huegelia
2241,subfamily (A),,Orchidoideae,huegelia
2242,genus (E),,Caladenia,infundibularis
2242,subfamily (A),,Orchidoideae,infundibularis
2243,genus (E),,Caladenia,insularis
2243,subfamily (A),,Orchidoideae,insularis
2244,genus (E),,Caladenia,latifolia
2244,subfamily (A),,Orchidoideae,latifolia
2245,genus (E),,Caladenia,leptoclavia
2245,subfamily (A),,Orchidoideae,leptoclavia
2246,subfamily (A),,Orchidoideae,leucochilia
2247,genus (E),,Caladenia,lobata
2247,subfamily (A),,Orchidoideae,lobata
2248,genus (E),,Caladenia,lodgeana
2248,subfamily (A),,Orchidoideae,lodgeana
2249,genus (E),,Caladenia,longicauda ssp. rigidum
2249,subfamily (A),,Orchidoideae,longicauda ssp. rigidum
2250,genus (E),,Caladenia,longiclavata
2250,subfamily (A),,Orchidoideae,longiclavata
2251,genus (E),,Caladenia,lowanensis
2251,subfamily (A),,Orchidoideae,lowanensis
2252,genus (E),,Caladenia,macrostylis
2252,subfamily (A),,Orchidoideae,macrostylis
2253,genus (E),,Caladenia,moschata
2253,subfamily (A),,Orchidoideae,moschata
2254,genus (E),,Caladenia,multiclavia
2254,subfamily (A),,Orchidoideae,multiclavia
2255,genus (E),,Caladenia,necrophylla
2255,subfamily (A),,Orchidoideae,necrophylla
2256,subfamily (A),,Orchidoideae,nobilis
2257,genus (E),,Caladenia,pachychila
2257,subfamily (A),,Orchidoideae,pachychila
2258,genus (E),,Caladenia,paludosa
2258,subfamily (A),,Orchidoideae,paludosa
2259,genus (E),,Caladenia,parva
2259,subfamily (A),,Orchidoideae,parva
2260,genus (E),,Caladenia,pectinata
2260,subfamily (A),,Orchidoideae,pectinata
2261,genus (E),,Caladenia,phaeoclavia
2261,subfamily (A),,Orchidoideae,phaeoclavia
2262,genus (E),,Caladenia,plicata
2262,subfamily (A),,Orchidoideae,plicata
2263,genus (E),,Caladenia,procera
2263,subfamily (A),,Orchidoideae,procera
2264,genus (E),,Caladenia,prolata
2264,subfamily (A),,Orchidoideae,prolata
2265,genus (E),,Caladenia,pulchra
2265,subfamily (A),,Orchidoideae,pulchra
2266,subfamily (A),,Orchidoideae,pusilla
2267,genus (E),,Caladenia,radialis
2267,subfamily (A),,Orchidoideae,radialis
2268,genus (E),,Caladenia,radiata
2268,subfamily (A),,Orchidoideae,radiata
2269,genus (E),,Caladenia,reticulata
2269,subfamily (A),,Orchidoideae,reticulata
2270,genus (E),,Caladenia,rhomboidiformis
2270,subfamily (A),,Orchidoideae,rhomboidiformis
2271,genus (E),,Caladenia,richardsiorum
2271,subfamily (A),,Orchidoideae,richardsiorum
2272,genus (E),,Caladenia,rigida
2272,subfamily (A),,Orchidoideae,rigida
2273,genus (E),,Caladenia,rileyi
2273,subfamily (A),,Orchidoideae,rileyi
2274,genus (E),,Caladenia,robinsonii
2274,subfamily (A),,Orchidoideae,robinsonii
2275,genus (E),,Caladenia,roei
2275,subfamily (A),,Orchidoideae,roei
2276,subfamily (A),,Orchidoideae,saxatilis
2277,genus (E),,Caladenia,septuosa
2277,subfamily (A),,Orchidoideae,septuosa
2278,genus (E),,Caladenia,ssp. bulbarnet
2278,subfamily (A),,Orchidoideae,ssp. bulbarnet
2279,genus (E),,Caladenia,stellata
2279,subfamily (A),,Orchidoideae,stellata
2280,genus (E),,Caladenia,stricta
2280,subfamily (A),,Orchidoideae,stricta
2281,genus (E),,Caladenia,tensa
2281,subfamily (A),,Orchidoideae,tensa
2282,genus (E),,Caladenia,tentaculata
2282,subfamily (A),,Orchidoideae,tentaculata
2283,genus (E),,Caladenia,tesselata
2283,subfamily (A),,Orchidoideae,tesselata
2284,genus (E),,Caladenia,thinicola
2284,subfamily (A),,Orchidoideae,thinicola
2285,genus (E),,Caladenia,toxochila
2285,subfamily (A),,Orchidoideae,toxochila
2286,subfamily (A),,Orchidoideae,transitoria
2287,genus (E),,Caladenia,valida
2287,subfamily (A),,Orchidoideae,valida
2288,genus (E),,Caladenia,verrucosa
2288,subfamily (A),,Orchidoideae,verrucosa
2289,genus (E),,Caladenia,versicolor
2289,subfamily (A),,Orchidoideae,versicolor
2290,genus (E),,Caladenia,villosissima
2290,subfamily (A),,Orchidoideae,villosissima
2291,genus (E),,Caladenia,wanosa
2291,subfamily (A),,Orchidoideae,wanosa
2292,genus (E),,Caladenia,williamsiae
2292,subfamily (A),,Orchidoideae,williamsiae
2293,genus (E),,Caladenia,woolcockiorum
2293,subfamily (A),,Orchidoideae,woolcockiorum
2294,genus (E),,Caladenia,xantha
2294,subfamily (A),,Orchidoideae,xantha
2295,genus (E),,Caladenia,xanthochila
2295,subfamily (A),,Orchidoideae,xanthochila
2298,genus (E),,Eriochilus,dilatatus
2298,subfamily (A),,Orchidoideae,dilatatus
2299,genus (E),,Eriochilus,scaber
2299,subfamily (A),,Orchidoideae,scaber
2304,genus (E),,Cryptostylis,erecta
2304,subfamily (A),,Orchidoideae,erecta
2305,genus (E),,Cryptostylis,hunteriana
2305,subfamily (A),,Orchidoideae,hunteriana
2306,genus (E),,Cryptostylis,leptochila
2306,subfamily (A),,Orchidoideae,leptochila
2307,genus (E),,Cryptostylis,ovata
2307,subfamily (A),,Orchidoideae,ovata
2308,genus (E),,Cryptostylis,subulata
2308,subfamily (A),,Orchidoideae,subulata
2310,genus (E),,Diuris,aurea
2310,subfamily (A),,Orchidoideae,aurea
2311,genus (E),,Diuris,behrii
2311,subfamily (A),,Orchidoideae,behrii
2312,genus (E),,Diuris,brumalis
2312,subfamily (A),,Orchidoideae,brumalis
2313,genus (E),,Diuris,decurrens
2313,subfamily (A),,Orchidoideae,decurrens
2314,genus (E),,Diuris,maculata
2314,subfamily (A),,Orchidoideae,maculata
2315,genus (E),,Diuris,magnifica
2315,subfamily (A),,Orchidoideae,magnifica
2316,genus (E),,Diuris,pardina
2316,subfamily (A),,Orchidoideae,pardina
2317,genus (E),,Diuris,pedunculata
2317,subfamily (A),,Orchidoideae,pedunculata
2318,subfamily (A),,Orchidoideae,punctata
2319,genus (E),,Diuris,sulfurea
2319,subfamily (A),,Orchidoideae,sulfurea
2322,genus (E),,Arthrochilus,irritabilis
2322,subfamily (A),,Orchidoideae,irritabilis
2325,genus (E),,Drakaea,confluens
2325,subfamily (A),,Orchidoideae,confluens
2326,genus (E),,Drakaea,elastica
2326,subfamily (A),,Orchidoideae,elastica
2327,genus (E),,Drakaea,glyptodon
2327,subfamily (A),,Orchidoideae,glyptodon
2328,genus (E),,Drakaea,gracilis
2328,subfamily (A),,Orchidoideae,gracilis
2329,genus (E),,Drakaea,livida
2329,subfamily (A),,Orchidoideae,livida
2330,genus (E),,Drakaea,micrantha
2330,subfamily (A),,Orchidoideae,micrantha
2331,genus (E),,Drakaea,thynniphila
2331,subfamily (A),,Orchidoideae,thynniphila
2333,genus (E),,Chiloglottis,chlorantha
2333,subfamily (A),,Orchidoideae,chlorantha
2334,genus (E),,Chiloglottis,cornuta
2334,subfamily (A),,Orchidoideae,cornuta
2335,genus (E),,Chiloglottis,diphylla
2335,subfamily (A),,Orchidoideae,diphylla
2336,genus (E),,Chiloglottis,formicifera
2336,subfamily (A),,Orchidoideae,formicifera
2337,genus (E),,Chiloglottis,grammata
2337,subfamily (A),,Orchidoideae,grammata
2338,genus (E),,Chiloglottis,jeanesii
2338,subfamily (A),,Orchidoideae,jeanesii
2339,genus (E),,Chiloglottis,platyptera
2339,subfamily (A),,Orchidoideae,platyptera
2340,genus (E),,Chiloglottis,pluricallata
2340,subfamily (A),,Orchidoideae,pluricallata
2341,subfamily (A),,Orchidoideae,aff. Pluricallata 1
2342,genus (E),,Chiloglottis,aff. Pluricallata 2
2342,subfamily (A),,Orchidoideae,aff. Pluricallata 2
2343,genus (E),,Chiloglottis,aff. Pluricallata 3
2343,subfamily (A),,Orchidoideae,aff. Pluricallata 3
2344,genus (E),,Chiloglottis,seminuda
2344,subfamily (A),,Orchidoideae,seminuda
2345,genus (E),,Chiloglottis,sphrynoides
2345,subfamily (A),,Orchidoideae,sphrynoides
2346,genus (E),,Chiloglottis,sylvestris
2346,subfamily (A),,Orchidoideae,sylvestris
2347,genus (E),,Chiloglottis,trapeziformis
2347,subfamily (A),,Orchidoideae,trapeziformis
2348,genus (E),,Chiloglottis,triceratops
2348,subfamily (A),,Orchidoideae,triceratops
2349,genus (E),,Chiloglottis,trilabra
2349,subfamily (A),,Orchidoideae,trilabra
2350,genus (E),,Chiloglottis,truncata
2350,subfamily (A),,Orchidoideae,truncata
2351,subfamily (A),,Orchidoideae,turfosa
2352,genus (E),,Chiloglottis,valida
2352,subfamily (A),,Orchidoideae,valida
2353,genus (E),,Chiloglottis,aff. valida 1
2353,subfamily (A),,Orchidoideae,aff. valida 1
2354,genus (E),,Chiloglottis,aff. valida 2
2354,subfamily (A),,Orchidoideae,aff. valida 2
2356,genus (E),,Paracaleana,nigrita
2356,subfamily (A),,Orchidoideae,nigrita
2357,genus (E),,Paracaleana,lyonsii
2357,subfamily (A),,Orchidoideae,lyonsii
2361,genus (E),,Lyperanthus,suaveolens
2361,subfamily (A),,Orchidoideae,suaveolens
2364,genus (E),,Pyrorchis,nigricans
2364,subfamily (A),,Orchidoideae,nigricans
2367,genus (E),,Genoplesium,ciliatum
2367,subfamily (A),,Orchidoideae,ciliatum
2368,genus (E),,Genoplesium,despectans
2368,subfamily (A),,Orchidoideae,despectans
2369,genus (E),,Genoplesium,filiformis
2369,subfamily (A),,Orchidoideae,filiformis
2370,genus (E),,Genoplesium,fimbriatum
2370,subfamily (A),,Orchidoideae,fimbriatum
2371,genus (E),,Genoplesium,insigne
2371,subfamily (A),,Orchidoideae,insigne
2372,genus (E),,Genoplesium,littorale
2372,subfamily (A),,Orchidoideae,littorale
2373,genus (E),,Genoplesium,morrisii
2373,subfamily (A),,Orchidoideae,morrisii
2374,genus (E),,Genoplesium,nigricans
2374,subfamily (A),,Orchidoideae,nigricans
2375,genus (E),,Genoplesium,nudum
2375,subfamily (A),,Orchidoideae,nudum
2376,subfamily (A),,Orchidoideae,pumilum
2377,genus (E),,Genoplesium,rufum
2377,subfamily (A),,Orchidoideae,rufum
2378,genus (E),,Genoplesium,ruppii
2378,subfamily (A),,Orchidoideae,ruppii
2380,genus (E),,Microtis,parviflora
2380,subfamily (A),,Orchidoideae,parviflora
2381,genus (E),,Microtis,unifolia
2381,subfamily (A),,Orchidoideae,unifolia
2383,genus (E),,Prasophyllum,alpinum
2383,subfamily (A),,Orchidoideae,alpinum
2384,genus (E),,Prasophyllum,calcicola
2384,subfamily (A),,Orchidoideae,calcicola
2385,genus (E),,Prasophyllum,colensoi
2385,subfamily (A),,Orchidoideae,colensoi
2386,genus (E),,Prasophyllum,drummondii
2386,subfamily (A),,Orchidoideae,drummondii
2387,genus (E),,Prasophyllum,elatum
2387,subfamily (A),,Orchidoideae,elatum
2388,genus (E),,Prasophyllum,fimbria
2388,subfamily (A),,Orchidoideae,fimbria
2389,genus (E),,Prasophyllum,fitzgeraldii
2389,subfamily (A),,Orchidoideae,fitzgeraldii
2390,genus (E),,Prasophyllum,frenchii
2390,subfamily (A),,Orchidoideae,frenchii
2391,subfamily (A),,Orchidoideae,fuscum
2392,genus (E),,Prasophyllum,goldsackii
2392,subfamily (A),,Orchidoideae,goldsackii
2393,genus (E),,Prasophyllum,gracile
2393,subfamily (A),,Orchidoideae,gracile
2394,genus (E),,Prasophyllum,innubum
2394,subfamily (A),,Orchidoideae,innubum
2395,genus (E),,Prasophyllum,lindleyanum
2395,subfamily (A),,Orchidoideae,lindleyanum
2396,genus (E),,Prasophyllum,odoratum
2396,subfamily (A),,Orchidoideae,odoratum
2397,genus (E),,Prasophyllum,pallidum
2397,subfamily (A),,Orchidoideae,pallidum
2398,genus (E),,Prasophyllum,plumaeforme
2398,subfamily (A),,Orchidoideae,plumaeforme
2399,genus (E),,Prasophyllum,tadgellianum
2399,subfamily (A),,Orchidoideae,tadgellianum
2402,genus (E),,Thelymitra,antennifera
2402,subfamily (A),,Orchidoideae,antennifera
2403,genus (E),,Thelymitra,atronitida
2403,subfamily (A),,Orchidoideae,atronitida
2404,genus (E),,Thelymitra,benthamiana
2404,subfamily (A),,Orchidoideae,benthamiana
2405,genus (E),,Thelymitra,carnea
2405,subfamily (A),,Orchidoideae,carnea
2406,genus (E),,Thelymitra,circumsepta
2406,subfamily (A),,Orchidoideae,circumsepta
2407,genus (E),,Thelymitra,crenulata
2407,subfamily (A),,Orchidoideae,crenulata
2408,genus (E),,Thelymitra,crinita
2408,subfamily (A),,Orchidoideae,crinita
2409,genus (E),,Thelymitra,epipactoides
2409,subfamily (A),,Orchidoideae,epipactoides
2410,subfamily (A),,Orchidoideae,flexuosa
2411,genus (E),,Thelymitra,granitora
2411,subfamily (A),,Orchidoideae,granitora
2412,genus (E),,Thelymitra,hygrophila
2412,subfamily (A),,Orchidoideae,hygrophila
2413,genus (E),,Thelymitra,ixioides
2413,subfamily (A),,Orchidoideae,ixioides
2414,genus (E),,Thelymitra,javanica
2414,subfamily (A),,Orchidoideae,javanica
2415,genus (E),,Thelymitra,Kangaloonicaa
2415,subfamily (A),,Orchidoideae,Kangaloonicaa
2416,genus (E),,Thelymitra,latifolia
2416,subfamily (A),,Orchidoideae,latifolia
2417,genus (E),,Thelymitra,longifolia
2417,subfamily (A),,Orchidoideae,longifolia
2418,genus (E),,Thelymitra,luteocilium
2418,subfamily (A),,Orchidoideae,luteocilium
2419,genus (E),,Thelymitra,macrophylla
2419,subfamily (A),,Orchidoideae,macrophylla
2420,subfamily (A),,Orchidoideae,magnifica
2421,genus (E),,Thelymitra,matthewsii
2421,subfamily (A),,Orchidoideae,matthewsii
2422,genus (E),,Thelymitra,media
2422,subfamily (A),,Orchidoideae,media
2423,genus (E),,Thelymitra,mucida
2423,subfamily (A),,Orchidoideae,mucida
2424,genus (E),,Thelymitra,nervosa
2424,subfamily (A),,Orchidoideae,nervosa
2425,genus (E),,Thelymitra,nuda
2425,subfamily (A),,Orchidoideae,nuda
2426,genus (E),,Thelymitra,odorata
2426,subfamily (A),,Orchidoideae,odorata
2427,genus (E),,Thelymitra,orientalis
2427,subfamily (A),,Orchidoideae,orientalis
2428,genus (E),,Thelymitra,pallifructus
2428,subfamily (A),,Orchidoideae,pallifructus
2429,genus (E),,Thelymitra,pauciflora
2429,subfamily (A),,Orchidoideae,pauciflora
2430,subfamily (A),,Orchidoideae,planicola
2431,genus (E),,Thelymitra,reflexa
2431,subfamily (A),,Orchidoideae,reflexa
2432,genus (E),,Thelymitra,rubricaulis
2432,subfamily (A),,Orchidoideae,rubricaulis
2433,genus (E),,Thelymitra,silena
2433,subfamily (A),,Orchidoideae,silena
2434,genus (E),,Thelymitra,uliginosa
2434,subfamily (A),,Orchidoideae,uliginosa
2435,genus (E),,Thelymitra,venosa
2435,subfamily (A),,Orchidoideae,venosa
2436,genus (E),,Thelymitra,vulgaris
2436,subfamily (A),,Orchidoideae,vulgaris
2438,genus (E),,Calochilus,campestris
2438,subfamily (A),,Orchidoideae,campestris
2439,genus (E),,Calochilus,cupreus
2439,subfamily (A),,Orchidoideae,cupreus
2440,genus (E),,Calochilus,holtzei
2440,subfamily (A),,Orchidoideae,holtzei
2441,genus (E),,Calochilus,paludosus
2441,subfamily (A),,Orchidoideae,paludosus
2442,genus (E),,Calochilus,platychilus
2442,subfamily (A),,Orchidoideae,platychilus
2443,genus (E),,Calochilus,pruinosus
2443,subfamily (A),,Orchidoideae,pruinosus
2444,genus (E),,Calochilus,robertsonii
2444,subfamily (A),,Orchidoideae,robertsonii
2446,genus (E),,Brownleea,galpinii ssp. major
2446,subfamily (A),,Orchidoideae,galpinii ssp. major
2447,genus (E),,Brownleea,macroceras
2447,subfamily (A),,Orchidoideae,macroceras
2448,genus (E),,Brownleea,parviflora
2448,subfamily (A),,Orchidoideae,parviflora
2450,genus (E),,Disperis,bolusiana
2450,subfamily (A),,Orchidoideae,bolusiana
2451,genus (E),,Disperis,capensis
2451,subfamily (A),,Orchidoideae,capensis
2452,genus (E),,Disperis,cardiophora
2452,subfamily (A),,Orchidoideae,cardiophora
2453,genus (E),,Disperis,circumflexa ssp. aemula
2453,subfamily (A),,Orchidoideae,circumflexa ssp. aemula
2454,genus (E),,Disperis,cooperi
2454,subfamily (A),,Orchidoideae,cooperi
2455,genus (E),,Disperis,cucullata
2455,subfamily (A),,Orchidoideae,cucullata
2456,genus (E),,Disperis,fannineae
2456,subfamily (A),,Orchidoideae,fannineae
2457,genus (E),,Disperis,johnstonii
2457,subfamily (A),,Orchidoideae,johnstonii
2458,subfamily (A),,Orchidoideae,lindleyana
2459,genus (E),,Disperis,macowani
2459,subfamily (A),,Orchidoideae,macowani
2460,genus (E),,Disperis,macrocorys
2460,subfamily (A),,Orchidoideae,macrocorys
2461,genus (E),,Disperis,micrantha
2461,subfamily (A),,Orchidoideae,micrantha
2462,genus (E),,Disperis,oppositifolia
2462,subfamily (A),,Orchidoideae,oppositifolia
2463,genus (E),,Disperis,oxyglossa
2463,subfamily (A),,Orchidoideae,oxyglossa
2464,genus (E),,Disperis,paludosa
2464,subfamily (A),,Orchidoideae,paludosa
2465,genus (E),,Disperis,purpurata
2465,subfamily (A),,Orchidoideae,purpurata
2466,genus (E),,Disperis,renibractea
2466,subfamily (A),,Orchidoideae,renibractea
2467,genus (E),,Disperis,stenoplectron
2467,subfamily (A),,Orchidoideae,stenoplectron
2468,subfamily (A),,Orchidoideae,thorncorftii
2469,genus (E),,Disperis,tripetaloides
2469,subfamily (A),,Orchidoideae,tripetaloides
2470,genus (E),,Disperis,tysonii
2470,subfamily (A),,Orchidoideae,tysonii
2471,genus (E),,Disperis,villosa
2471,subfamily (A),,Orchidoideae,villosa
2472,genus (E),,Disperis,virginalis
2472,subfamily (A),,Orchidoideae,virginalis
2473,genus (E),,Disperis,wealei
2473,subfamily (A),,Orchidoideae,wealei
2475,genus (E),,Ceratandra,bicolor
2475,subfamily (A),,Orchidoideae,bicolor
2476,genus (E),,Ceratandra,globosa
2476,subfamily (A),,Orchidoideae,globosa
2477,genus (E),,Ceratandra,grandiflora
2477,subfamily (A),,Orchidoideae,grandiflora
2478,genus (E),,Ceratandra,harveyana
2478,subfamily (A),,Orchidoideae,harveyana
2480,genus (E),,Corycium,carnosum
2480,subfamily (A),,Orchidoideae,carnosum
2481,genus (E),,Corycium,crispum
2481,subfamily (A),,Orchidoideae,crispum
2482,genus (E),,Corycium,deflexum
2482,subfamily (A),,Orchidoideae,deflexum
2483,genus (E),,Corycium,dracomontanum
2483,subfamily (A),,Orchidoideae,dracomontanum
2484,genus (E),,Corycium,flanaganii
2484,subfamily (A),,Orchidoideae,flanaganii
2485,genus (E),,Corycium,ingeanum
2485,subfamily (A),,Orchidoideae,ingeanum
2486,genus (E),,Corycium,nigrescens
2486,subfamily (A),,Orchidoideae,nigrescens
2487,genus (E),,Corycium,orobanchoides
2487,subfamily (A),,Orchidoideae,orobanchoides
2490,genus (E),,Pterygodium,alatum
2490,subfamily (A),,Orchidoideae,alatum
2491,genus (E),,Pterygodium,caffrum
2491,subfamily (A),,Orchidoideae,caffrum
2492,genus (E),,Pterygodium,catholicum
2492,subfamily (A),,Orchidoideae,catholicum
2493,genus (E),,Pterygodium,cleistogamum
2493,subfamily (A),,Orchidoideae,cleistogamum
2494,genus (E),,Pterygodium,cooperi
2494,subfamily (A),,Orchidoideae,cooperi
2495,genus (E),,Pterygodium,cruciferum
2495,subfamily (A),,Orchidoideae,cruciferum
2496,genus (E),,Pterygodium,hallii
2496,subfamily (A),,Orchidoideae,hallii
2497,genus (E),,Pterygodium,hastatum
2497,subfamily (A),,Orchidoideae,hastatum
2498,subfamily (A),,Orchidoideae,inversum
2499,genus (E),,Pterygodium,leucanthum
2499,subfamily (A),,Orchidoideae,leucanthum
2500,genus (E),,Pterygodium,magnum
2500,subfamily (A),,Orchidoideae,magnum
2501,genus (E),,Pterygodium,pentherianum
2501,subfamily (A),,Orchidoideae,pentherianum
2502,genus (E),,Pterygodium,platypetalum
2502,subfamily (A),,Orchidoideae,platypetalum
2503,genus (E),,Pterygodium,schelpei
2503,subfamily (A),,Orchidoideae,schelpei
2504,genus (E),,Pterygodium,vermiferum
2504,subfamily (A),,Orchidoideae,vermiferum
2505,genus (E),,Pterygodium,volucris
2505,subfamily (A),,Orchidoideae,volucris
2507,genus (E),,Pachites,bodkinii
2507,subfamily (A),,Orchidoideae,bodkinii
2509,genus (E),,Anacamptis,collina
2509,subfamily (A),,Orchidoideae,collina
2510,genus (E),,Anacamptis,coriophora
2510,subfamily (A),,Orchidoideae,coriophora
2511,genus (E),,Anacamptis,coriophora ssp fragrans
2511,subfamily (A),,Orchidoideae,coriophora ssp fragrans
2512,genus (E),,Anacamptis,israelitica
2512,subfamily (A),,Orchidoideae,israelitica
2513,genus (E),,Anacamptis,laxiflora
2513,subfamily (A),,Orchidoideae,laxiflora
2514,genus (E),,Anacamptis,longicornu
2514,subfamily (A),,Orchidoideae,longicornu
2515,genus (E),,Anacamptis,morio
2515,subfamily (A),,Orchidoideae,morio
2516,genus (E),,Anacamptis,palustris
2516,subfamily (A),,Orchidoideae,palustris
2517,genus (E),,Anacamptis,papilionacea
2517,subfamily (A),,Orchidoideae,papilionacea
2518,subfamily (A),,Orchidoideae,pyramidalis
2519,genus (E),,Anacamptis,robusta
2519,subfamily (A),,Orchidoideae,robusta
2520,genus (E),,Anacamptis,sancta
2520,subfamily (A),,Orchidoideae,sancta
2523,genus (E),,Benthamia,nigrescens
2523,subfamily (A),,Orchidoideae,nigrescens
2524,genus (E),,Benthamia,spiralis
2524,subfamily (A),,Orchidoideae,spiralis
2526,genus (E),,Bonatea,cassidea
2526,subfamily (A),,Orchidoideae,cassidea
2527,genus (E),,Bonatea,lamprophylla
2527,subfamily (A),,Orchidoideae,lamprophylla
2528,genus (E),,Bonatea,polypodantha
2528,subfamily (A),,Orchidoideae,polypodantha
2529,genus (E),,Bonatea,speciosa
2529,subfamily (A),,Orchidoideae,speciosa
2530,genus (E),,Bonatea,steudneri
2530,subfamily (A),,Orchidoideae,steudneri
2534,genus (E),,Cynorkis,citrata
2534,subfamily (A),,Orchidoideae,citrata
2535,genus (E),,Cynorkis,coccinelloides
2535,subfamily (A),,Orchidoideae,coccinelloides
2536,genus (E),,Cynorkis,falcata
2536,subfamily (A),,Orchidoideae,falcata
2537,genus (E),,Cynorkis,fastigiata
2537,subfamily (A),,Orchidoideae,fastigiata
2538,genus (E),,Cynorkis,graminea
2538,subfamily (A),,Orchidoideae,graminea
2539,genus (E),,Cynorkis,purpurascens
2539,subfamily (A),,Orchidoideae,purpurascens
2540,genus (E),,Cynorkis,rosellata
2540,subfamily (A),,Orchidoideae,rosellata
2541,genus (E),,Cynorkis,squamosa
2541,subfamily (A),,Orchidoideae,squamosa
2542,subfamily (A),,Orchidoideae,uniflora
2543,genus (E),,Cynorkis,villosa
2543,subfamily (A),,Orchidoideae,villosa
2545,genus (E),,Dactylorhiza,elata
2545,subfamily (A),,Orchidoideae,elata
2546,genus (E),,Dactylorhiza,fuchsii
2546,subfamily (A),,Orchidoideae,fuchsii
2547,genus (E),,Dactylorhiza,hatagirea
2547,subfamily (A),,Orchidoideae,hatagirea
2548,genus (E),,Dactylorhiza,incarnata
2548,subfamily (A),,Orchidoideae,incarnata
2549,genus (E),,Dactylorhiza,lapponica
2549,subfamily (A),,Orchidoideae,lapponica
2550,genus (E),,Dactylorhiza,maculata
2550,subfamily (A),,Orchidoideae,maculata
2551,genus (E),,Dactylorhiza,majalis
2551,subfamily (A),,Orchidoideae,majalis
2552,genus (E),,Dactylorhiza,ochroleuca
2552,subfamily (A),,Orchidoideae,ochroleuca
2553,subfamily (A),,Orchidoideae,praetermissa
2554,genus (E),,Dactylorhiza,purpurella
2554,subfamily (A),,Orchidoideae,purpurella
2555,genus (E),,Dactylorhiza,romana
2555,subfamily (A),,Orchidoideae,romana
2556,genus (E),,Dactylorhiza,sambucina
2556,subfamily (A),,Orchidoideae,sambucina
2557,genus (E),,Dactylorhiza,sphagnicola
2557,subfamily (A),,Orchidoideae,sphagnicola
2558,genus (E),,Dactylorhiza,sudetica
2558,subfamily (A),,Orchidoideae,sudetica
2559,genus (E),,Dactylorhiza,transsilvanica
2559,subfamily (A),,Orchidoideae,transsilvanica
2560,genus (E),,Dactylorhiza,viridis
2560,subfamily (A),,Orchidoideae,viridis
2562,genus (E),,Galearis,huanglongensis
2562,subfamily (A),,Orchidoideae,huanglongensis
2563,genus (E),,Galearis,rotundifolia
2563,subfamily (A),,Orchidoideae,rotundifolia
2564,genus (E),,Galearis,spectabilis
2564,subfamily (A),,Orchidoideae,spectabilis
2567,genus (E),,Gymnadenia,cenisia
2567,subfamily (A),,Orchidoideae,cenisia
2568,genus (E),,Gymnadenia,conopsea
2568,subfamily (A),,Orchidoideae,conopsea
2569,genus (E),,Gymnadenia,corneliana
2569,subfamily (A),,Orchidoideae,corneliana
2570,genus (E),,Gymnadenia,lithopolitanica
2570,subfamily (A),,Orchidoideae,lithopolitanica
2571,genus (E),,Gymnadenia,nigra
2571,subfamily (A),,Orchidoideae,nigra
2572,genus (E),,Gymnadenia,odoratissima
2572,subfamily (A),,Orchidoideae,odoratissima
2573,genus (E),,Gymnadenia,rhellicani
2573,subfamily (A),,Orchidoideae,rhellicani
2574,genus (E),,Gymnadenia,rubra
2574,subfamily (A),,Orchidoideae,rubra
2575,subfamily (A),,Orchidoideae,runei
2576,genus (E),,Gymnadenia,widderi
2576,subfamily (A),,Orchidoideae,widderi
2578,genus (E),,Habenaria,amalfitana
2578,subfamily (A),,Orchidoideae,amalfitana
2579,genus (E),,Habenaria,clavata
2579,subfamily (A),,Orchidoideae,clavata
2580,genus (E),,Habenaria,davidii
2580,subfamily (A),,Orchidoideae,davidii
2581,genus (E),,Habenaria,decaryana
2581,subfamily (A),,Orchidoideae,decaryana
2582,genus (E),,Habenaria,delavayi
2582,subfamily (A),,Orchidoideae,delavayi
2583,genus (E),,Habenaria,dentata
2583,subfamily (A),,Orchidoideae,dentata
2584,genus (E),,Habenaria,epipactidea
2584,subfamily (A),,Orchidoideae,epipactidea
2585,genus (E),,Habenaria,foliosa
2585,subfamily (A),,Orchidoideae,foliosa
2586,subfamily (A),,Orchidoideae,fordii
2587,genus (E),,Habenaria,glaucifolia
2587,subfamily (A),,Orchidoideae,glaucifolia
2588,genus (E),,Habenaria,gourlieana
2588,subfamily (A),,Orchidoideae,gourlieana
2589,genus (E),,Habenaria,hieronymi
2589,subfamily (A),,Orchidoideae,hieronymi
2590,genus (E),,Habenaria,hexaptera
2590,subfamily (A),,Orchidoideae,hexaptera
2591,genus (E),,Habenaria,johannensis
2591,subfamily (A),,Orchidoideae,johannensis
2592,genus (E),,Habenaria,limprichtii
2592,subfamily (A),,Orchidoideae,limprichtii
2593,genus (E),,Habenaria,macronectar
2593,subfamily (A),,Orchidoideae,macronectar
2594,genus (E),,Habenaria,malintana
2594,subfamily (A),,Orchidoideae,malintana
2595,genus (E),,Habenaria,megapotamensis
2595,subfamily (A),,Orchidoideae,megapotamensis
2596,subfamily (A),,Orchidoideae,mesodactyla
2597,genus (E),,Habenaria,monorrhiza
2597,subfamily (A),,Orchidoideae,monorrhiza
2598,genus (E),,Habenaria,montevidensis
2598,subfamily (A),,Orchidoideae,montevidensis
2599,genus (E),,Habenaria,obstusa
2599,subfamily (A),,Orchidoideae,obstusa
2600,genus (E),,Habenaria,parviflora
2600,subfamily (A),,Orchidoideae,parviflora
2601,genus (E),,Habenaria,paulistana
2601,subfamily (A),,Orchidoideae,paulistana
2602,genus (E),,Habenaria,petelotii
2602,subfamily (A),,Orchidoideae,petelotii
2603,genus (E),,Habenaria,pleiophylla
2603,subfamily (A),,Orchidoideae,pleiophylla
2604,genus (E),,Habenaria,praealta
2604,subfamily (A),,Orchidoideae,praealta
2605,genus (E),,Habenaria,radiata
2605,subfamily (A),,Orchidoideae,radiata
2606,subfamily (A),,Orchidoideae,repens
2607,genus (E),,Habenaria,rhodocheila
2607,subfamily (A),,Orchidoideae,rhodocheila
2608,genus (E),,Habenaria,rodeiensis
2608,subfamily (A),,Orchidoideae,rodeiensis
2609,genus (E),,Habenaria,rupicola
2609,subfamily (A),,Orchidoideae,rupicola
2610,genus (E),,Habenaria,sagittifera
2610,subfamily (A),,Orchidoideae,sagittifera
2611,genus (E),,Habenaria,sigillum
2611,subfamily (A),,Orchidoideae,sigillum
2612,genus (E),,Habenaria,tridactylites
2612,subfamily (A),,Orchidoideae,tridactylites
2615,genus (E),,Herminium,monorchis
2615,subfamily (A),,Orchidoideae,monorchis
2617,genus (E),,Himantoglossum,caprinum
2617,subfamily (A),,Orchidoideae,caprinum
2618,genus (E),,Himantoglossum,comperianum
2618,subfamily (A),,Orchidoideae,comperianum
2619,genus (E),,Himantoglossum,formosum
2619,subfamily (A),,Orchidoideae,formosum
2620,genus (E),,Himantoglossum,hircinum
2620,subfamily (A),,Orchidoideae,hircinum
2621,genus (E),,Himantoglossum,jankae
2621,subfamily (A),,Orchidoideae,jankae
2622,genus (E),,Himantoglossum,metlesicsianum
2622,subfamily (A),,Orchidoideae,metlesicsianum
2623,genus (E),,Himantoglossum,robertianum
2623,subfamily (A),,Orchidoideae,robertianum
2626,genus (E),,Neotinea,maculata
2626,subfamily (A),,Orchidoideae,maculata
2627,genus (E),,Neotinea,tridentata
2627,subfamily (A),,Orchidoideae,tridentata
2628,genus (E),,Neotinea,ustulata
2628,subfamily (A),,Orchidoideae,ustulata
2630,genus (E),,Ophrys,aegirtica
2630,subfamily (A),,Orchidoideae,aegirtica
2631,genus (E),,Ophrys,aesculapii
2631,subfamily (A),,Orchidoideae,aesculapii
2632,genus (E),,Ophrys,africana
2632,subfamily (A),,Orchidoideae,africana
2633,genus (E),,Ophrys,alasiatica
2633,subfamily (A),,Orchidoideae,alasiatica
2634,genus (E),,Ophrys,annae
2634,subfamily (A),,Orchidoideae,annae
2635,genus (E),,Ophrys,algarvensis
2635,subfamily (A),,Orchidoideae,algarvensis
2636,genus (E),,Ophrys,annae
2636,subfamily (A),,Orchidoideae,annae
2637,genus (E),,Ophrys,apifera
2637,subfamily (A),,Orchidoideae,apifera
2638,subfamily (A),,Orchidoideae,apiformis
2639,genus (E),,Ophrys,apollonae
2639,subfamily (A),,Orchidoideae,apollonae
2640,genus (E),,Ophrys,aprilia
2640,subfamily (A),,Orchidoideae,aprilia
2641,genus (E),,Ophrys,apulica
2641,subfamily (A),,Orchidoideae,apulica
2642,genus (E),,Ophrys,arachnitiformis
2642,subfamily (A),,Orchidoideae,arachnitiformis
2643,genus (E),,Ophrys,araneola
2643,subfamily (A),,Orchidoideae,araneola
2644,genus (E),,Ophrys,archipelagi
2644,subfamily (A),,Orchidoideae,archipelagi
2645,genus (E),,Ophrys,argentaria
2645,subfamily (A),,Orchidoideae,argentaria
2646,genus (E),,Ophrys,argolica
2646,subfamily (A),,Orchidoideae,argolica
2647,genus (E),,Ophrys,ariadnae
2647,subfamily (A),,Orchidoideae,ariadnae
2648,subfamily (A),,Orchidoideae,arnoldii
2649,genus (E),,Ophrys,atlantica
2649,subfamily (A),,Orchidoideae,atlantica
2650,genus (E),,Ophrys,attaviria
2650,subfamily (A),,Orchidoideae,attaviria
2651,genus (E),,Ophrys,attica
2651,subfamily (A),,Orchidoideae,attica
2652,genus (E),,Ophrys,aurelia
2652,subfamily (A),,Orchidoideae,aurelia
2653,genus (E),,Ophrys,aveyronensis
2653,subfamily (A),,Orchidoideae,aveyronensis
2654,genus (E),,Ophrys,aymoninii
2654,subfamily (A),,Orchidoideae,aymoninii
2655,genus (E),,Ophrys,balearica
2655,subfamily (A),,Orchidoideae,balearica
2656,genus (E),,Ophrys,basilissa
2656,subfamily (A),,Orchidoideae,basilissa
2657,genus (E),,Ophrys,battandieri
2657,subfamily (A),,Orchidoideae,battandieri
2658,subfamily (A),,Orchidoideae,benacensis
2659,genus (E),,Ophrys,bertolonii
2659,subfamily (A),,Orchidoideae,bertolonii
2660,genus (E),,Ophrys,bertoloniiformis
2660,subfamily (A),,Orchidoideae,bertoloniiformis
2661,genus (E),,Ophrys,biancae
2661,subfamily (A),,Orchidoideae,biancae
2662,genus (E),,Ophrys,bilunulata
2662,subfamily (A),,Orchidoideae,bilunulata
2663,genus (E),,Ophrys,biscutella
2663,subfamily (A),,Orchidoideae,biscutella
2664,genus (E),,Ophrys,blitopertha
2664,subfamily (A),,Orchidoideae,blitopertha
2665,genus (E),,Ophrys,bombyliflora
2665,subfamily (A),,Orchidoideae,bombyliflora
2666,genus (E),,Ophrys,bornmuelleri
2666,subfamily (A),,Orchidoideae,bornmuelleri
2667,genus (E),,Ophrys,bucephala
2667,subfamily (A),,Orchidoideae,bucephala
2668,subfamily (A),,Orchidoideae,caesiella
2669,genus (E),,Ophrys,calocaerina
2669,subfamily (A),,Orchidoideae,calocaerina
2670,genus (E),,Ophrys,calypsus
2670,subfamily (A),,Orchidoideae,calypsus
2671,genus (E),,Ophrys,candica
2671,subfamily (A),,Orchidoideae,candica
2672,genus (E),,Ophrys,catalaunica
2672,subfamily (A),,Orchidoideae,catalaunica
2673,genus (E),,Ophrys,celiensis
2673,subfamily (A),,Orchidoideae,celiensis
2674,genus (E),,Ophrys,cerastes
2674,subfamily (A),,Orchidoideae,cerastes
2675,genus (E),,Ophrys,ceto
2675,subfamily (A),,Orchidoideae,ceto
2676,genus (E),,Ophrys,chestermanii
2676,subfamily (A),,Orchidoideae,chestermanii
2677,genus (E),,Ophrys,cilentana
2677,subfamily (A),,Orchidoideae,cilentana
2678,subfamily (A),,Orchidoideae,cilicica
2679,genus (E),,Ophrys,ciliata
2679,subfamily (A),,Orchidoideae,ciliata
2680,genus (E),,Ophrys,cinereophila
2680,subfamily (A),,Orchidoideae,cinereophila
2681,genus (E),,Ophrys,colossaea
2681,subfamily (A),,Orchidoideae,colossaea
2682,genus (E),,Ophrys,corsica
2682,subfamily (A),,Orchidoideae,corsica
2683,genus (E),,Ophrys,cornuta
2683,subfamily (A),,Orchidoideae,cornuta
2684,genus (E),,Ophrys,cornutula
2684,subfamily (A),,Orchidoideae,cornutula
2685,genus (E),,Ophrys,crabronifera
2685,subfamily (A),,Orchidoideae,crabronifera
2686,genus (E),,Ophrys,crassicornis
2686,subfamily (A),,Orchidoideae,crassicornis
2687,genus (E),,Ophrys,creberrima
2687,subfamily (A),,Orchidoideae,creberrima
2688,subfamily (A),,Orchidoideae,cressa
2689,genus (E),,Ophrys,cretensis
2689,subfamily (A),,Orchidoideae,cretensis
2690,genus (E),,Ophrys,cretica
2690,subfamily (A),,Orchidoideae,cretica
2691,genus (E),,Ophrys,creticola
2691,subfamily (A),,Orchidoideae,creticola
2692,genus (E),,Ophrys,delforgei
2692,subfamily (A),,Orchidoideae,delforgei
2693,genus (E),,Ophrys,delphinensis
2693,subfamily (A),,Orchidoideae,delphinensis
2694,genus (E),,Ophrys,dianica
2694,subfamily (A),,Orchidoideae,dianica
2695,genus (E),,Ophrys,discors
2695,subfamily (A),,Orchidoideae,discors
2696,genus (E),,Ophrys,drumana
2696,subfamily (A),,Orchidoideae,drumana
2697,genus (E),,Ophrys,dyctinnae
2697,subfamily (A),,Orchidoideae,dyctinnae
2698,subfamily (A),,Orchidoideae,dyris
2699,genus (E),,Ophrys,elatior
2699,subfamily (A),,Orchidoideae,elatior
2700,genus (E),,Ophrys,elegans
2700,subfamily (A),,Orchidoideae,elegans
2701,genus (E),,Ophrys,eleonorae
2701,subfamily (A),,Orchidoideae,eleonorae
2702,genus (E),,Ophrys,episcopalis
2702,subfamily (A),,Orchidoideae,episcopalis
2703,genus (E),,Ophrys,exaltata
2703,subfamily (A),,Orchidoideae,exaltata
2704,genus (E),,Ophrys,explanata
2704,subfamily (A),,Orchidoideae,explanata
2705,genus (E),,Ophrys,fabrella
2705,subfamily (A),,Orchidoideae,fabrella
2706,genus (E),,Ophrys,ferrum-equinum
2706,subfamily (A),,Orchidoideae,ferrum-equinum
2707,genus (E),,Ophrys,flavicans
2707,subfamily (A),,Orchidoideae,flavicans
2708,subfamily (A),,Orchidoideae,flavomarginata
2709,genus (E),,Ophrys,fleischmannii
2709,subfamily (A),,Orchidoideae,fleischmannii
2710,genus (E),,Ophrys,fuciflora
2710,subfamily (A),,Orchidoideae,fuciflora
2711,genus (E),,Ophrys,funerea
2711,subfamily (A),,Orchidoideae,funerea
2712,genus (E),,Ophrys,fusca
2712,subfamily (A),,Orchidoideae,fusca
2713,genus (E),,Ophrys,fusca II
2713,subfamily (A),,Orchidoideae,fusca II
2714,genus (E),,Ophrys,fusca III
2714,subfamily (A),,Orchidoideae,fusca III
2715,genus (E),,Ophrys,gackiae
2715,subfamily (A),,Orchidoideae,gackiae
2716,genus (E),,Ophrys,garganica
2716,subfamily (A),,Orchidoideae,garganica
2717,genus (E),,Ophrys,gazella
2717,subfamily (A),,Orchidoideae,gazella
2718,subfamily (A),,Orchidoideae,gortynia
2719,genus (E),,Ophrys,gottfriediana
2719,subfamily (A),,Orchidoideae,gottfriediana
2720,genus (E),,Ophrys,gracilis
2720,subfamily (A),,Orchidoideae,gracilis
2721,genus (E),,Ophrys,grammica
2721,subfamily (A),,Orchidoideae,grammica
2722,genus (E),,Ophrys,grandiflora
2722,subfamily (A),,Orchidoideae,grandiflora
2723,genus (E),,Ophrys,grigoriana
2723,subfamily (A),,Orchidoideae,grigoriana
2724,genus (E),,Ophrys,hebes
2724,subfamily (A),,Orchidoideae,hebes
2725,genus (E),,Ophrys,heldreichii
2725,subfamily (A),,Orchidoideae,heldreichii
2726,genus (E),,Ophrys,helenae
2726,subfamily (A),,Orchidoideae,helenae
2727,genus (E),,Ophrys,helios
2727,subfamily (A),,Orchidoideae,helios
2728,subfamily (A),,Orchidoideae,herae
2729,genus (E),,Ophrys,heterochila
2729,subfamily (A),,Orchidoideae,heterochila
2730,genus (E),,Ophrys,holoserica
2730,subfamily (A),,Orchidoideae,holoserica
2731,genus (E),,Ophrys,holubyana
2731,subfamily (A),,Orchidoideae,holubyana
2732,genus (E),,Ophrys,hygrophila
2732,subfamily (A),,Orchidoideae,hygrophila
2733,genus (E),,Ophrys,incubacea
2733,subfamily (A),,Orchidoideae,incubacea
2734,genus (E),,Ophrys,insectifera
2734,subfamily (A),,Orchidoideae,insectifera
2735,genus (E),,Ophrys,integra
2735,subfamily (A),,Orchidoideae,integra
2736,genus (E),,Ophrys,iricolor
2736,subfamily (A),,Orchidoideae,iricolor
2737,genus (E),,Ophrys,isaura
2737,subfamily (A),,Orchidoideae,isaura
2738,subfamily (A),,Orchidoideae,israelitica
2739,genus (E),,Ophrys,kedra
2739,subfamily (A),,Orchidoideae,kedra
2740,genus (E),,Ophrys,kotschyi
2740,subfamily (A),,Orchidoideae,kotschyi
2741,genus (E),,Ophrys,kreutzii
2741,subfamily (A),,Orchidoideae,kreutzii
2742,genus (E),,Ophrys,labiosa
2742,subfamily (A),,Orchidoideae,labiosa
2743,genus (E),,Ophrys,lacaitae
2743,subfamily (A),,Orchidoideae,lacaitae
2744,genus (E),,Ophrys,laurensis
2744,subfamily (A),,Orchidoideae,laurensis
2745,genus (E),,Ophrys,leochroma
2745,subfamily (A),,Orchidoideae,leochroma
2746,genus (E),,Ophrys,leptomera
2746,subfamily (A),,Orchidoideae,leptomera
2747,genus (E),,Ophrys,lesbis
2747,subfamily (A),,Orchidoideae,lesbis
2748,subfamily (A),,Orchidoideae,leucadica
2749,genus (E),,Ophrys,levantina
2749,subfamily (A),,Orchidoideae,levantina
2750,genus (E),,Ophrys,lindia
2750,subfamily (A),,Orchidoideae,lindia
2751,genus (E),,Ophrys,lojaconoi
2751,subfamily (A),,Orchidoideae,lojaconoi
2752,genus (E),,Ophrys,lucana
2752,subfamily (A),,Orchidoideae,lucana
2753,genus (E),,Ophrys,lucentina
2753,subfamily (A),,Orchidoideae,lucentina
2754,genus (E),,Ophrys,lucis
2754,subfamily (A),,Orchidoideae,lucis
2755,genus (E),,Ophrys,lunulata
2755,subfamily (A),,Orchidoideae,lunulata
2756,genus (E),,Ophrys,lupercalis
2756,subfamily (A),,Orchidoideae,lupercalis
2757,genus (E),,Ophrys,lutea
2757,subfamily (A),,Orchidoideae,lutea
2758,subfamily (A),,Orchidoideae,lyciensis
2759,genus (E),,Ophrys,malacitana
2759,subfamily (A),,Orchidoideae,malacitana
2760,genus (E),,Ophrys,mammosa
2760,subfamily (A),,Orchidoideae,mammosa
2761,genus (E),,Ophrys,marmorata
2761,subfamily (A),,Orchidoideae,marmorata
2762,genus (E),,Ophrys,massiliensis
2762,subfamily (A),,Orchidoideae,massiliensis
2763,genus (E),,Ophrys,melena
2763,subfamily (A),,Orchidoideae,melena
2764,genus (E),,Ophrys,melitensis
2764,subfamily (A),,Orchidoideae,melitensis
2765,genus (E),,Ophrys,meropes
2765,subfamily (A),,Orchidoideae,meropes
2766,genus (E),,Ophrys,mesaritica
2766,subfamily (A),,Orchidoideae,mesaritica
2767,genus (E),,Ophrys,minutula
2767,subfamily (A),,Orchidoideae,minutula
2768,subfamily (A),,Orchidoideae,montis-leonis
2769,genus (E),,Ophrys,morio
2769,subfamily (A),,Orchidoideae,morio
2770,genus (E),,Ophrys,morisii
2770,subfamily (A),,Orchidoideae,morisii
2771,genus (E),,Ophrys,murbeckii
2771,subfamily (A),,Orchidoideae,murbeckii
2772,genus (E),,Ophrys,mycenencis
2772,subfamily (A),,Orchidoideae,mycenencis
2773,genus (E),,Ophrys,neglecta
2773,subfamily (A),,Orchidoideae,neglecta
2774,genus (E),,Ophrys,normanii
2774,subfamily (A),,Orchidoideae,normanii
2775,genus (E),,Ophrys,obaesa
2775,subfamily (A),,Orchidoideae,obaesa
2776,genus (E),,Ophrys,oblita
2776,subfamily (A),,Orchidoideae,oblita
2777,genus (E),,Ophrys,occidentalis
2777,subfamily (A),,Orchidoideae,occidentalis
2778,subfamily (A),,Orchidoideae,oestrifera
2779,genus (E),,Ophrys,omegaifera
2779,subfamily (A),,Orchidoideae,omegaifera
2780,genus (E),,Ophrys,ortuabis
2780,subfamily (A),,Orchidoideae,ortuabis
2781,genus (E),,Ophrys,oxyrrhynchos
2781,subfamily (A),,Orchidoideae,oxyrrhynchos
2782,genus (E),,Ophrys,pallida
2782,subfamily (A),,Orchidoideae,pallida
2783,genus (E),,Ophrys,pallidula
2783,subfamily (A),,Orchidoideae,pallidula
2784,genus (E),,Ophrys,panattensis
2784,subfamily (A),,Orchidoideae,panattensis
2785,genus (E),,Ophrys,panormitana
2785,subfamily (A),,Orchidoideae,panormitana
2786,genus (E),,Ophrys,parosica
2786,subfamily (A),,Orchidoideae,parosica
2787,genus (E),,Ophrys,parvimaculata
2787,subfamily (A),,Orchidoideae,parvimaculata
2788,subfamily (A),,Orchidoideae,parvula
2789,genus (E),,Ophrys,passionis
2789,subfamily (A),,Orchidoideae,passionis
2790,genus (E),,Ophrys,pelinaea
2790,subfamily (A),,Orchidoideae,pelinaea
2791,genus (E),,Ophrys,peraiolae
2791,subfamily (A),,Orchidoideae,peraiolae
2792,genus (E),,Ophrys,phillippi
2792,subfamily (A),,Orchidoideae,phillippi
2793,genus (E),,Ophrys,phrygia
2793,subfamily (A),,Orchidoideae,phrygia
2794,genus (E),,Ophrys,phryganae
2794,subfamily (A),,Orchidoideae,phryganae
2795,genus (E),,Ophrys,picta
2795,subfamily (A),,Orchidoideae,picta
2796,genus (E),,Ophrys,promontorii
2796,subfamily (A),,Orchidoideae,promontorii
2797,genus (E),,Ophrys,provincialis
2797,subfamily (A),,Orchidoideae,provincialis
2798,subfamily (A),,Orchidoideae,regis-ferdinandii
2799,genus (E),,Ophrys,reinhardiorum
2799,subfamily (A),,Orchidoideae,reinhardiorum
2800,genus (E),,Ophrys,reinholdii
2800,subfamily (A),,Orchidoideae,reinholdii
2801,genus (E),,Ophrys,sabulosa
2801,subfamily (A),,Orchidoideae,sabulosa
2802,genus (E),,Ophrys,saliarisii
2802,subfamily (A),,Orchidoideae,saliarisii
2803,genus (E),,Ophrys,saratoi
2803,subfamily (A),,Orchidoideae,saratoi
2804,genus (E),,Ophrys,scolopax
2804,subfamily (A),,Orchidoideae,scolopax
2805,genus (E),,Ophrys,serotina
2805,subfamily (A),,Orchidoideae,serotina
2806,genus (E),,Ophrys,sicula
2806,subfamily (A),,Orchidoideae,sicula
2807,genus (E),,Ophrys,sipontensis
2807,subfamily (A),,Orchidoideae,sipontensis
2808,subfamily (A),,Orchidoideae,sitiaca
2809,genus (E),,Ophrys,speculum
2809,subfamily (A),,Orchidoideae,speculum
2810,genus (E),,Ophrys,sphegifera
2810,subfamily (A),,Orchidoideae,sphegifera
2811,genus (E),,Ophrys,sphegodes
2811,subfamily (A),,Orchidoideae,sphegodes
2812,genus (E),,Ophrys,splendida
2812,subfamily (A),,Orchidoideae,splendida
2813,genus (E),,Ophrys,spruneri
2813,subfamily (A),,Orchidoideae,spruneri
2814,genus (E),,Ophrys,subinsectifera
2814,subfamily (A),,Orchidoideae,subinsectifera
2815,genus (E),,Ophrys,sulcata
2815,subfamily (A),,Orchidoideae,sulcata
2816,genus (E),,Ophrys,tardans
2816,subfamily (A),,Orchidoideae,tardans
2817,genus (E),,Ophrys,tarentina
2817,subfamily (A),,Orchidoideae,tarentina
2818,subfamily (A),,Orchidoideae,tarquinia
2819,genus (E),,Ophrys,tenthredinifera
2819,subfamily (A),,Orchidoideae,tenthredinifera
2820,genus (E),,Ophrys,tetraloniae
2820,subfamily (A),,Orchidoideae,tetraloniae
2821,genus (E),,Ophrys,thriptiensis
2821,subfamily (A),,Orchidoideae,thriptiensis
2822,genus (E),,Ophrys,tommasinii
2822,subfamily (A),,Orchidoideae,tommasinii
2823,genus (E),,Ophrys,transhyrcana
2823,subfamily (A),,Orchidoideae,transhyrcana
2824,genus (E),,Ophrys,ulupinara
2824,subfamily (A),,Orchidoideae,ulupinara
2825,genus (E),,Ophrys,umbilicata
2825,subfamily (A),,Orchidoideae,umbilicata
2826,genus (E),,Ophrys,untchjii
2826,subfamily (A),,Orchidoideae,untchjii
2827,genus (E),,Ophrys,urteae
2827,subfamily (A),,Orchidoideae,urteae
2828,subfamily (A),,Orchidoideae,vallesiana
2829,genus (E),,Ophrys,vasconica
2829,subfamily (A),,Orchidoideae,vasconica
2830,genus (E),,Ophrys,vernixia
2830,subfamily (A),,Orchidoideae,vernixia
2831,genus (E),,Ophrys,villosa
2831,subfamily (A),,Orchidoideae,villosa
2832,genus (E),,Ophrys,zonata
2832,subfamily (A),,Orchidoideae,zonata
2834,genus (E),,Orchis,anthropophora
2834,subfamily (A),,Orchidoideae,anthropophora
2835,genus (E),,Orchis,collina
2835,subfamily (A),,Orchidoideae,collina
2836,genus (E),,Orchis,galilaea
2836,subfamily (A),,Orchidoideae,galilaea
2837,genus (E),,Orchis,italica
2837,subfamily (A),,Orchidoideae,italica
2838,genus (E),,Orchis,mascula
2838,subfamily (A),,Orchidoideae,mascula
2839,genus (E),,Orchis,militaris
2839,subfamily (A),,Orchidoideae,militaris
2840,genus (E),,Orchis,ovalis
2840,subfamily (A),,Orchidoideae,ovalis
2841,genus (E),,Orchis,pallens
2841,subfamily (A),,Orchidoideae,pallens
2842,subfamily (A),,Orchidoideae,patens ssp brevicornis
2843,genus (E),,Orchis,pauciflora
2843,subfamily (A),,Orchidoideae,pauciflora
2844,genus (E),,Orchis,provincialis
2844,subfamily (A),,Orchidoideae,provincialis
2845,genus (E),,Orchis,punctulata
2845,subfamily (A),,Orchidoideae,punctulata
2846,genus (E),,Orchis,purpurea
2846,subfamily (A),,Orchidoideae,purpurea
2847,genus (E),,Orchis,quadripunctata
2847,subfamily (A),,Orchidoideae,quadripunctata
2848,genus (E),,Orchis,simia
2848,subfamily (A),,Orchidoideae,simia
2849,genus (E),,Orchis,spitzelii
2849,subfamily (A),,Orchidoideae,spitzelii
2850,subfamily (A),,Orchidoideae,susannae
2851,subfamily (A),,Orchidoideae,constrictus
2852,genus (E),,Peristylus,goodyeroides
2852,subfamily (A),,Orchidoideae,goodyeroides
2853,genus (E),,Peristylus,grandis
2853,subfamily (A),,Orchidoideae,grandis
2855,genus (E),,Platanthera,bifolia
2855,subfamily (A),,Orchidoideae,bifolia
2856,genus (E),,Platanthera,blephariglottis
2856,subfamily (A),,Orchidoideae,blephariglottis
2857,genus (E),,Platanthera,blumei
2857,subfamily (A),,Orchidoideae,blumei
2858,genus (E),,Platanthera,boninensis
2858,subfamily (A),,Orchidoideae,boninensis
2859,genus (E),,Platanthera,brevicalcarata
2859,subfamily (A),,Orchidoideae,brevicalcarata
2860,genus (E),,Platanthera,chapmanii
2860,subfamily (A),,Orchidoideae,chapmanii
2861,genus (E),,Platanthera,chlorantha
2861,subfamily (A),,Orchidoideae,chlorantha
2862,genus (E),,Platanthera,chorisiana
2862,subfamily (A),,Orchidoideae,chorisiana
2863,subfamily (A),,Orchidoideae,ciliaris
2864,genus (E),,Platanthera,clavellata
2864,subfamily (A),,Orchidoideae,clavellata
2865,genus (E),,Platanthera,convallariifolia
2865,subfamily (A),,Orchidoideae,convallariifolia
2866,genus (E),,Platanthera,cristata
2866,subfamily (A),,Orchidoideae,cristata
2867,genus (E),,Platanthera,dilatata
2867,subfamily (A),,Orchidoideae,dilatata
2868,genus (E),,Platanthera,elegans
2868,subfamily (A),,Orchidoideae,elegans
2869,genus (E),,Platanthera,elongata
2869,subfamily (A),,Orchidoideae,elongata
2870,genus (E),,Platanthera,flava
2870,subfamily (A),,Orchidoideae,flava
2871,genus (E),,Platanthera,florentii
2871,subfamily (A),,Orchidoideae,florentii
2872,genus (E),,Platanthera,grandiflora
2872,subfamily (A),,Orchidoideae,grandiflora
2873,subfamily (A),,Orchidoideae,hologlottis
2874,genus (E),,Platanthera,huronensis
2874,subfamily (A),,Orchidoideae,huronensis
2875,genus (E),,Platanthera,hyperborea
2875,subfamily (A),,Orchidoideae,hyperborea
2876,genus (E),,Platanthera,iinumae
2876,subfamily (A),,Orchidoideae,iinumae
2877,genus (E),,Platanthera,integra
2877,subfamily (A),,Orchidoideae,integra
2878,genus (E),,Platanthera,integrilabia
2878,subfamily (A),,Orchidoideae,integrilabia
2879,genus (E),,Platanthera,japonica
2879,subfamily (A),,Orchidoideae,japonica
2880,genus (E),,Platanthera,lacera
2880,subfamily (A),,Orchidoideae,lacera
2881,genus (E),,Platanthera,leucophaea
2881,subfamily (A),,Orchidoideae,leucophaea
2882,genus (E),,Platanthera,macrophylla
2882,subfamily (A),,Orchidoideae,macrophylla
2883,subfamily (A),,Orchidoideae,mandarinorum
2884,genus (E),,Platanthera,metabifolia
2884,subfamily (A),,Orchidoideae,metabifolia
2885,genus (E),,Platanthera,minor
2885,subfamily (A),,Orchidoideae,minor
2886,genus (E),,Platanthera,obtusata
2886,subfamily (A),,Orchidoideae,obtusata
2887,genus (E),,Platanthera,okuboi
2887,subfamily (A),,Orchidoideae,okuboi
2888,genus (E),,Platanthera,orbiculata
2888,subfamily (A),,Orchidoideae,orbiculata
2889,genus (E),,Platanthera,peramoena
2889,subfamily (A),,Orchidoideae,peramoena
2890,genus (E),,Platanthera,praeclara
2890,subfamily (A),,Orchidoideae,praeclara
2891,genus (E),,Platanthera,psycodes
2891,subfamily (A),,Orchidoideae,psycodes
2892,genus (E),,Platanthera,sachalinensis
2892,subfamily (A),,Orchidoideae,sachalinensis
2893,subfamily (A),,Orchidoideae,sparsiflora
2894,genus (E),,Platanthera,stricta
2894,subfamily (A),,Orchidoideae,stricta
2895,genus (E),,Platanthera,tipuloides
2895,subfamily (A),,Orchidoideae,tipuloides
2896,genus (E),,Platanthera,transversa
2896,subfamily (A),,Orchidoideae,transversa
2897,genus (E),,Platanthera,unalascensis
2897,subfamily (A),,Orchidoideae,unalascensis
2898,genus (E),,Platanthera,ussuriensis
2898,subfamily (A),,Orchidoideae,ussuriensis
2899,genus (E),,Platanthera,yadonii
2899,subfamily (A),,Orchidoideae,yadonii
2901,genus (E),,Platycoryne,pervillei
2901,subfamily (A),,Orchidoideae,pervillei
2903,genus (E),,Ponerorchis,cucullata
2903,subfamily (A),,Orchidoideae,cucullata
2906,genus (E),,Satyrium,amoenum
2906,subfamily (A),,Orchidoideae,amoenum
2907,genus (E),,Satyrium,bicallosum
2907,subfamily (A),,Orchidoideae,bicallosum
2908,genus (E),,Satyrium,bicorne
2908,subfamily (A),,Orchidoideae,bicorne
2909,genus (E),,Satyrium,bracteatum
2909,subfamily (A),,Orchidoideae,bracteatum
2910,genus (E),,Satyrium,carneum
2910,subfamily (A),,Orchidoideae,carneum
2911,genus (E),,Satyrium,ciliatum
2911,subfamily (A),,Orchidoideae,ciliatum
2912,genus (E),,Satyrium,coriifolium
2912,subfamily (A),,Orchidoideae,coriifolium
2913,genus (E),,Satyrium,crassicaule
2913,subfamily (A),,Orchidoideae,crassicaule
2914,subfamily (A),,Orchidoideae,cristatum var. cristatum
2915,genus (E),,Satyrium,critatum var. longilabiatum
2915,subfamily (A),,Orchidoideae,critatum var. longilabiatum
2916,genus (E),,Satyrium,erectum
2916,subfamily (A),,Orchidoideae,erectum
2917,genus (E),,Satyrium,hallackii
2917,subfamily (A),,Orchidoideae,hallackii
2918,genus (E),,Satyrium,jacottetiae
2918,subfamily (A),,Orchidoideae,jacottetiae
2919,genus (E),,Satyrium,ligulatum
2919,subfamily (A),,Orchidoideae,ligulatum
2920,genus (E),,Satyrium,longicauda
2920,subfamily (A),,Orchidoideae,longicauda
2921,genus (E),,Satyrium,longicolle
2921,subfamily (A),,Orchidoideae,longicolle
2922,genus (E),,Satyrium,macrophyllum
2922,subfamily (A),,Orchidoideae,macrophyllum
2923,genus (E),,Satyrium,membranaceum
2923,subfamily (A),,Orchidoideae,membranaceum
2924,subfamily (A),,Orchidoideae,microrrhynchum
2925,genus (E),,Satyrium,monadenum
2925,subfamily (A),,Orchidoideae,monadenum
2926,genus (E),,Satyrium,neglectum
2926,subfamily (A),,Orchidoideae,neglectum
2927,genus (E),,Satyrium,neglectum ssp woodii
2927,subfamily (A),,Orchidoideae,neglectum ssp woodii
2928,genus (E),,Satyrium,nepalense
2928,subfamily (A),,Orchidoideae,nepalense
2929,genus (E),,Satyrium,outeniquense
2929,subfamily (A),,Orchidoideae,outeniquense
2930,genus (E),,Satyrium,parviflorum
2930,subfamily (A),,Orchidoideae,parviflorum
2931,genus (E),,Satyrium,princeae
2931,subfamily (A),,Orchidoideae,princeae
2932,genus (E),,Satyrium,princeps
2932,subfamily (A),,Orchidoideae,princeps
2933,genus (E),,Satyrium,pumilum
2933,subfamily (A),,Orchidoideae,pumilum
2934,genus (E),,Satyrium,rhodanthum
2934,subfamily (A),,Orchidoideae,rhodanthum
2935,subfamily (A),,Orchidoideae,rhynchanthum
2936,genus (E),,Satyrium,rupestre
2936,subfamily (A),,Orchidoideae,rupestre
2937,genus (E),,Satyrium,sceptrum
2937,subfamily (A),,Orchidoideae,sceptrum
2938,genus (E),,Satyrium,situsanguineum
2938,subfamily (A),,Orchidoideae,situsanguineum
2939,genus (E),,Satyrium,sphaerocarpum
2939,subfamily (A),,Orchidoideae,sphaerocarpum
2940,genus (E),,Satyrium,stenopetalum
2940,subfamily (A),,Orchidoideae,stenopetalum
2941,genus (E),,Satyrium,trinerve
2941,subfamily (A),,Orchidoideae,trinerve
2943,genus (E),,Schizochilus,bulbinella
2943,subfamily (A),,Orchidoideae,bulbinella
2944,genus (E),,Schizochilus,flexuosus
2944,subfamily (A),,Orchidoideae,flexuosus
2945,genus (E),,Schizochilus,zeyheri
2945,subfamily (A),,Orchidoideae,zeyheri
2947,genus (E),,Serapias,ionica
2947,subfamily (A),,Orchidoideae,ionica
2948,genus (E),,Serapias,levantina
2948,subfamily (A),,Orchidoideae,levantina
2949,genus (E),,Serapias,lingua
2949,subfamily (A),,Orchidoideae,lingua
2950,genus (E),,Serapias,neglecta
2950,subfamily (A),,Orchidoideae,neglecta
2951,genus (E),,Serapias,nurrica
2951,subfamily (A),,Orchidoideae,nurrica
2952,genus (E),,Serapias,occidentalis
2952,subfamily (A),,Orchidoideae,occidentalis
2953,genus (E),,Serapias,olbia
2953,subfamily (A),,Orchidoideae,olbia
2954,genus (E),,Serapias,orientalis
2954,subfamily (A),,Orchidoideae,orientalis
2955,subfamily (A),,Orchidoideae,parviflora
2956,genus (E),,Serapias,perez-chiscanoi
2956,subfamily (A),,Orchidoideae,perez-chiscanoi
2957,genus (E),,Serapias,vomeracea
2957,subfamily (A),,Orchidoideae,vomeracea
2959,genus (E),,Schizochilus,bulbinella
2959,subfamily (A),,Orchidoideae,bulbinella
2960,genus (E),,Schizochilus,flexuosus
2960,subfamily (A),,Orchidoideae,flexuosus
2961,genus (E),,Schizochilus,zeyheri
2961,subfamily (A),,Orchidoideae,zeyheri
2963,genus (E),,Sirindhornia,monophylla
2963,subfamily (A),,Orchidoideae,monophylla
2964,genus (E),,Sirindhornia,pulchella
2964,subfamily (A),,Orchidoideae,pulchella
2966,genus (E),,Stenoglottis,inandensis
2966,subfamily (A),,Orchidoideae,inandensis
2967,genus (E),,Stenoglottis,macloughlinii
2967,subfamily (A),,Orchidoideae,macloughlinii
2968,genus (E),,Stenoglottis,woodii
2968,subfamily (A),,Orchidoideae,woodii
2972,genus (E),,Disa,aequiloba
2972,subfamily (A),,Orchidoideae,aequiloba
2973,genus (E),,Disa,alticola
2973,subfamily (A),,Orchidoideae,alticola
2974,genus (E),,Disa,amoena
2974,subfamily (A),,Orchidoideae,amoena
2975,genus (E),,Disa,atricapilla
2975,subfamily (A),,Orchidoideae,atricapilla
2976,genus (E),,Disa,aurata
2976,subfamily (A),,Orchidoideae,aurata
2977,genus (E),,Disa,barbata
2977,subfamily (A),,Orchidoideae,barbata
2978,genus (E),,Disa,baurii
2978,subfamily (A),,Orchidoideae,baurii
2979,genus (E),,Disa,bifida
2979,subfamily (A),,Orchidoideae,bifida
2980,subfamily (A),,Orchidoideae,bivalvata
2981,genus (E),,Disa,bodkinii
2981,subfamily (A),,Orchidoideae,bodkinii
2982,genus (E),,Disa,bolusiana
2982,subfamily (A),,Orchidoideae,bolusiana
2983,genus (E),,Disa,borbonica
2983,subfamily (A),,Orchidoideae,borbonica
2984,genus (E),,Disa,bracteata
2984,subfamily (A),,Orchidoideae,bracteata
2985,genus (E),,Disa,brevicornis
2985,subfamily (A),,Orchidoideae,brevicornis
2986,genus (E),,Disa,cardinalis
2986,subfamily (A),,Orchidoideae,cardinalis
2987,genus (E),,Disa,caulescens
2987,subfamily (A),,Orchidoideae,caulescens
2988,genus (E),,Disa,cephalotes
2988,subfamily (A),,Orchidoideae,cephalotes
2989,genus (E),,Disa,chrysostachya
2989,subfamily (A),,Orchidoideae,chrysostachya
2990,subfamily (A),,Orchidoideae,comosa
2991,genus (E),,Disa,cooperi
2991,subfamily (A),,Orchidoideae,cooperi
2992,genus (E),,Disa,cornuta
2992,subfamily (A),,Orchidoideae,cornuta
2993,genus (E),,Disa,crassicornis
2993,subfamily (A),,Orchidoideae,crassicornis
2994,genus (E),,Disa,cylindrica
2994,subfamily (A),,Orchidoideae,cylindrica
2995,genus (E),,Disa,densiflora
2995,subfamily (A),,Orchidoideae,densiflora
2996,genus (E),,Disa,draconis
2996,subfamily (A),,Orchidoideae,draconis
2997,genus (E),,Disa,elegans
2997,subfamily (A),,Orchidoideae,elegans
2998,genus (E),,Disa,engleriana
2998,subfamily (A),,Orchidoideae,engleriana
2999,genus (E),,Disa,erubescens
2999,subfamily (A),,Orchidoideae,erubescens
3000,subfamily (A),,Orchidoideae,fasciata
3001,genus (E),,Disa,ferruginea
3001,subfamily (A),,Orchidoideae,ferruginea
3002,genus (E),,Disa,filicornis
3002,subfamily (A),,Orchidoideae,filicornis
3003,genus (E),,Disa,flexuosa
3003,subfamily (A),,Orchidoideae,flexuosa
3004,genus (E),,Disa,forficaria
3004,subfamily (A),,Orchidoideae,forficaria
3005,genus (E),,Disa,fragrans
3005,subfamily (A),,Orchidoideae,fragrans
3006,genus (E),,Disa,galpinii
3006,subfamily (A),,Orchidoideae,galpinii
3007,genus (E),,Disa,gladioliflora
3007,subfamily (A),,Orchidoideae,gladioliflora
3008,genus (E),,Disa,glandulosa
3008,subfamily (A),,Orchidoideae,glandulosa
3009,genus (E),,Disa,graminifolia
3009,subfamily (A),,Orchidoideae,graminifolia
3010,subfamily (A),,Orchidoideae,hallackii
3011,genus (E),,Disa,harveyana
3011,subfamily (A),,Orchidoideae,harveyana
3012,genus (E),,Disa,hians
3012,subfamily (A),,Orchidoideae,hians
3013,genus (E),,Disa,hircicornis
3013,subfamily (A),,Orchidoideae,hircicornis
3014,genus (E),,Disa,inflexa
3014,subfamily (A),,Orchidoideae,inflexa
3015,genus (E),,Disa,intermedia
3015,subfamily (A),,Orchidoideae,intermedia
3016,genus (E),,Disa,karooica
3016,subfamily (A),,Orchidoideae,karooica
3017,genus (E),,Disa,longicornu
3017,subfamily (A),,Orchidoideae,longicornu
3018,genus (E),,Disa,lugens
3018,subfamily (A),,Orchidoideae,lugens
3019,genus (E),,Disa,maculata
3019,subfamily (A),,Orchidoideae,maculata
3020,genus (E),,Disa,maculomarronina
3020,subfamily (A),,Orchidoideae,maculomarronina
3021,subfamily (A),,Orchidoideae,marlothii
3022,genus (E),,Disa,montana
3022,subfamily (A),,Orchidoideae,montana
3023,genus (E),,Disa,multifida
3023,subfamily (A),,Orchidoideae,multifida
3024,genus (E),,Disa,neglecta
3024,subfamily (A),,Orchidoideae,neglecta
3025,genus (E),,Disa,nervosa
3025,subfamily (A),,Orchidoideae,nervosa
3026,genus (E),,Disa,nivea
3026,subfamily (A),,Orchidoideae,nivea
3027,genus (E),,Disa,obliqua
3027,subfamily (A),,Orchidoideae,obliqua
3028,genus (E),,Disa,obtusa
3028,subfamily (A),,Orchidoideae,obtusa
3029,genus (E),,Disa,ocellata
3029,subfamily (A),,Orchidoideae,ocellata
3030,subfamily (A),,Orchidoideae,ochrostachya
3031,genus (E),,Disa,ophrydea
3031,subfamily (A),,Orchidoideae,ophrydea
3032,genus (E),,Disa,oreophila
3032,subfamily (A),,Orchidoideae,oreophila
3033,genus (E),,Disa,ornithantha
3033,subfamily (A),,Orchidoideae,ornithantha
3034,genus (E),,Disa,patula
3034,subfamily (A),,Orchidoideae,patula
3035,genus (E),,Disa,pillansii
3035,subfamily (A),,Orchidoideae,pillansii
3036,genus (E),,Disa,polygonoides
3036,subfamily (A),,Orchidoideae,polygonoides
3037,genus (E),,Disa,porrecta
3037,subfamily (A),,Orchidoideae,porrecta
3038,genus (E),,Disa,pulchra
3038,subfamily (A),,Orchidoideae,pulchra
3039,genus (E),,Disa,purpurascens
3039,subfamily (A),,Orchidoideae,purpurascens
3040,genus (E),,Disa,racemosa
3040,subfamily (A),,Orchidoideae,racemosa
3041,subfamily (A),,Orchidoideae,remota
3042,genus (E),,Disa,reticulata
3042,subfamily (A),,Orchidoideae,reticulata
3043,genus (E),,Disa,rhodantha
3043,subfamily (A),,Orchidoideae,rhodantha
3044,genus (E),,Disa,richardiana
3044,subfamily (A),,Orchidoideae,richardiana
3045,genus (E),,Disa,rosea
3045,subfamily (A),,Orchidoideae,rosea
3046,genus (E),,Disa,rufescens
3046,subfamily (A),,Orchidoideae,rufescens
3047,genus (E),,Disa,rungweensis
3047,subfamily (A),,Orchidoideae,rungweensis
3048,genus (E),,Disa,sabulosa
3048,subfamily (A),,Orchidoideae,sabulosa
3049,genus (E),,Disa,sagittalis
3049,subfamily (A),,Orchidoideae,sagittalis
3050,genus (E),,Disa,salteri
3050,subfamily (A),,Orchidoideae,salteri
3051,subfamily (A),,Orchidoideae,sankeyi
3052,genus (E),,Disa,satyriopsis
3052,subfamily (A),,Orchidoideae,satyriopsis
3053,genus (E),,Disa,saxicola
3053,subfamily (A),,Orchidoideae,saxicola
3054,genus (E),,Disa,schizodioides
3054,subfamily (A),,Orchidoideae,schizodioides
3055,genus (E),,Disa,schlechteriana
3055,subfamily (A),,Orchidoideae,schlechteriana
3056,genus (E),,Disa,scullyi
3056,subfamily (A),,Orchidoideae,scullyi
3057,genus (E),,Disa,spathulata ssp. spathulata
3057,subfamily (A),,Orchidoideae,spathulata ssp. spathulata
3058,genus (E),,Disa,spathulata ssp. tripartita
3058,subfamily (A),,Orchidoideae,spathulata ssp. tripartita
3059,genus (E),,Disa,stachyodes
3059,subfamily (A),,Orchidoideae,stachyodes
3060,genus (E),,Disa,stolzii
3060,subfamily (A),,Orchidoideae,stolzii
3061,genus (E),,Disa,stricta
3061,subfamily (A),,Orchidoideae,stricta
3062,subfamily (A),,Orchidoideae,subtenuicornis
3063,genus (E),,Disa,telipogonis
3063,subfamily (A),,Orchidoideae,telipogonis
3064,genus (E),,Disa,tenella
3064,subfamily (A),,Orchidoideae,tenella
3065,genus (E),,Disa,tenuifolia
3065,subfamily (A),,Orchidoideae,tenuifolia
3066,genus (E),,Disa,tenuis
3066,subfamily (A),,Orchidoideae,tenuis
3067,genus (E),,Disa,thodei
3067,subfamily (A),,Orchidoideae,thodei
3068,genus (E),,Disa,tripetaloides
3068,subfamily (A),,Orchidoideae,tripetaloides
3069,genus (E),,Disa,tysonii
3069,subfamily (A),,Orchidoideae,tysonii
3070,genus (E),,Disa,uncinata
3070,subfamily (A),,Orchidoideae,uncinata
3071,genus (E),,Disa,uniflora
3071,subfamily (A),,Orchidoideae,uniflora
3072,subfamily (A),,Orchidoideae,vaginata
3073,genus (E),,Disa,vasselotii
3073,subfamily (A),,Orchidoideae,vasselotii
3074,genus (E),,Disa,venosa
3074,subfamily (A),,Orchidoideae,venosa
3075,genus (E),,Disa,venusta
3075,subfamily (A),,Orchidoideae,venusta
3076,genus (E),,Disa,versicolor
3076,subfamily (A),,Orchidoideae,versicolor
3077,genus (E),,Disa,vigilans
3077,subfamily (A),,Orchidoideae,vigilans
3078,genus (E),,Disa,woodii
3078,subfamily (A),,Orchidoideae,woodii
3079,genus (E),,Disa,zuluensis
3079,subfamily (A),,Orchidoideae,zuluensis
3081,genus (E),,Huttonaea,grandiflora
3081,subfamily (A),,Orchidoideae,grandiflora
3082,genus (E),,Huttonaea,oreophila
3082,subfamily (A),,Orchidoideae,oreophila
3083,genus (E),,Huttonaea,pulchra
3083,subfamily (A),,Orchidoideae,pulchra
3084,genus (E),,Huttonaea,woodii
3084,subfamily (A),,Orchidoideae,woodii
3086,genus (E),,Cleistes,bella
3086,subfamily (A),,Vanilloideae,bella
3087,genus (E),,Cleistes,caloptera
3087,subfamily (A),,Vanilloideae,caloptera
3088,genus (E),,Cleistes,cipoana
3088,subfamily (A),,Vanilloideae,cipoana
3089,genus (E),,Cleistes,elongata
3089,subfamily (A),,Vanilloideae,elongata
3090,genus (E),,Cleistes,exilis
3090,subfamily (A),,Vanilloideae,exilis
3091,genus (E),,Cleistes,gracilis
3091,subfamily (A),,Vanilloideae,gracilis
3092,genus (E),,Cleistes,itatiaiae
3092,subfamily (A),,Vanilloideae,itatiaiae
3093,genus (E),,Cleistes,libonii
3093,subfamily (A),,Vanilloideae,libonii
3094,subfamily (A),,Vanilloideae,metallina
3095,genus (E),,Cleistes,moritzii
3095,subfamily (A),,Vanilloideae,moritzii
3096,genus (E),,Cleistes,paranaensis
3096,subfamily (A),,Vanilloideae,paranaensis
3097,genus (E),,Cleistes,pusilla
3097,subfamily (A),,Vanilloideae,pusilla
3098,genus (E),,Cleistes,ramboi
3098,subfamily (A),,Vanilloideae,ramboi
3099,genus (E),,Cleistes,rosea
3099,subfamily (A),,Vanilloideae,rosea
3100,genus (E),,Cleistes,tenuis
3100,subfamily (A),,Vanilloideae,tenuis
3101,genus (E),,Cleistes,uliginosa
3101,subfamily (A),,Vanilloideae,uliginosa
3103,genus (E),,Cleistesiopsis,bifaria
3103,subfamily (A),,Vanilloideae,bifaria
3104,subfamily (A),,Vanilloideae,adolphii
3105,subfamily (A),,Vanilloideae,medeoloides
3106,genus (E),,Isotria,verticillata
3106,subfamily (A),,Vanilloideae,verticillata
3107,subfamily (A),,Vanilloideae,japonica
3108,genus (E),,Pogonia,minor
3108,subfamily (A),,Vanilloideae,minor
3109,genus (E),,Pogonia,ophioglossoides
3109,subfamily (A),,Vanilloideae,ophioglossoides
3110,genus (E),,Pogonia,stricta
3110,subfamily (A),,Vanilloideae,stricta
3112,subfamily (A),,Vanilloideae,duckei
3113,genus (E),,Epistephium,sclerophyllum
3113,subfamily (A),,Vanilloideae,sclerophyllum
3114,subfamily (A),,Vanilloideae,javanica
3115,genus (E),,Lecanorchis,kiusiana
3115,subfamily (A),,Vanilloideae,kiusiana
3116,genus (E),,Lecanorchis,multiflora
3116,subfamily (A),,Vanilloideae,multiflora
3118,genus (E),,Vanilla,barbellata
3118,subfamily (A),,Vanilloideae,barbellata
3119,genus (E),,Vanilla,bicolor
3119,subfamily (A),,Vanilloideae,bicolor
3120,genus (E),,Vanilla,bosseri
3120,subfamily (A),,Vanilloideae,bosseri
3121,genus (E),,Vanilla,chamissonis
3121,subfamily (A),,Vanilloideae,chamissonis
3122,genus (E),,Vanilla,claviculata
3122,subfamily (A),,Vanilloideae,claviculata
3123,genus (E),,Vanilla,cribbiana
3123,subfamily (A),,Vanilloideae,cribbiana
3124,genus (E),,Vanilla,dilloniana
3124,subfamily (A),,Vanilloideae,dilloniana
3125,genus (E),,Vanilla,edwallii
3125,subfamily (A),,Vanilloideae,edwallii
3126,subfamily (A),,Vanilloideae,guianensis
3127,genus (E),,Vanilla,griffthii
3127,subfamily (A),,Vanilloideae,griffthii
3128,genus (E),,Vanilla,hartii
3128,subfamily (A),,Vanilloideae,hartii
3129,genus (E),,Vanilla,humblotii
3129,subfamily (A),,Vanilloideae,humblotii
3130,genus (E),,Vanilla,inodora
3130,subfamily (A),,Vanilloideae,inodora
3131,genus (E),,Vanilla,insignis
3131,subfamily (A),,Vanilloideae,insignis
3132,genus (E),,Vanilla,martinezii
3132,subfamily (A),,Vanilloideae,martinezii
3133,genus (E),,Vanilla,mexicana
3133,subfamily (A),,Vanilloideae,mexicana
3134,genus (E),,Vanilla,odorata
3134,subfamily (A),,Vanilloideae,odorata
3135,genus (E),,Vanilla,palmarum
3135,subfamily (A),,Vanilloideae,palmarum
3136,subfamily (A),,Vanilloideae,paulista
3137,genus (E),,Vanilla,phaeantha
3137,subfamily (A),,Vanilloideae,phaeantha
3138,genus (E),,Vanilla,planifolia
3138,subfamily (A),,Vanilloideae,planifolia
3139,genus (E),,Vanilla,poiteai
3139,subfamily (A),,Vanilloideae,poiteai
3140,genus (E),,Vanilla,pompona
3140,subfamily (A),,Vanilloideae,pompona
3141,genus (E),,Vanilla,ribeiroi
3141,subfamily (A),,Vanilloideae,ribeiroi
3142,genus (E),,Vanilla,roscheri
3142,subfamily (A),,Vanilloideae,roscheri
3143,genus (E),,Vanilla,siamensis
3143,subfamily (A),,Vanilloideae,siamensis
3144,genus (E),,Vanilla,trigonocarpa
3144,subfamily (A),,Vanilloideae,trigonocarpa
